db	pathway	Clusters	lobular	ductal	bg_pct	estimate	group	pvalues	pvalues_simple	fdr	fdr_simple	bg_pct.1	hitCounts	hits.V1	hits.V2	hits.V3	hits.V4	hits.V5	hits.V6	hits.V7	hits.V8	hits.V9	hits.V10	hits.V11	hits.V12	hits.V13	hits.V14	hits.V15	hits.V16	hits.V17	hits.V18	hits.V19	hits.V20	hits.V21	hits.V22	hits.V23	hits.V24	hits.V25	hits.V26	hits.V27	hits.V28	hits.V29	hits.V30	hits.V31	hits.V32	hits.V33	hits.V34	hits.V35	hits.V36	hits.V37	hits.V38	hits.V39	hits.V40	hits.V41	hits.V42	hits.V43	hits.V44	hits.V45	hits.V46	hits.V47	hits.V48	hits.V49	hits.V50	hits.V51	hits.V52	hits.V53	hits.V54	hits.V55	hits.V56	hits.V57	hits.V58	hits.V59	hits.V60	hits.V61	hits.V62	hits.V63	hits.V64	hits.V65	hits.V66	hits.V67	hits.V68	hits.V69	hits.V70	hits.V71	hits.V72	hits.V73	hits.V74	hits.V75	hits.V76	hits.V77	hits.V78	hits.V79	hits.V80	hits.V81	hits.V82	hits.V83	hits.V84	hits.V85	hits.V86	hits.V87	hits.V88	hits.V89	hits.V90	hits.V91	hits.V92	hits.V93	hits.V94	hits.V95	hits.V96	hits.V97	hits.V98	hits.V99	hits.V100	hits.V101	hits.V102	hits.V103	hits.V104	hits.V105	hits.V106	hits.V107	hits.V108	hits.V109	hits.V110	hits.V111	hits.V112	hits.V113	hits.V114	hits.V115	hits.V116	hits.V117	hits.V118	hits.V119	hits.V120	hits.V121	hits.V122	hits.V123	hits.V124	hits.V125	hits.V126	hits.V127	hits.V128	hits.V129	hits.V130	hits.V131	hits.V132	hits.V133	hits.V134	hits.V135	hits.V136	hits.V137	hits.V138	hits.V139	hits.V140	hits.V141	hits.V142	hits.V143	hits.V144	hits.V145	hits.V146	hits.V147	hits.V148	hits.V149	hits.V150	hits.V151	hits.V152	hits.V153	hits.V154	hits.V155	hits.V156	hits.V157	hits.V158	hits.V159	hits.V160	hits.V161	hits.V162	hits.V163	hits.V164	hits.V165	hits.V166	hits.V167	hits.V168	hits.V169	hits.V170	hits.V171	hits.V172	hits.V173	hits.V174	hits.V175	hits.V176	hits.V177	hits.V178	hits.V179	hits.V180	hits.V181	hits.V182	hits.V183	hits.V184	hits.V185	hits.V186	hits.V187	hits.V188	hits.V189	hits.V190	hits.V191	hits.V192	hits.V193	hits.V194	hits.V195
GP_BP	Antigen Processing And Presentation Of Endogenous Antigen	D2: Antigen Presentation	-0.31225	 0.40121	0.14	-0.7135	Ductal	0.0002562888	***	0.06166972	ns	0.14	 3	HLA-A	HLA-B	HLA-G	 	 	 	 	 	 	 	 	 	 	 	 	 	 	 	 	 	 	 	 	 	 	 	 	 	 	 	 	 	 	 	 	 	 	 	 	 	 	 	 	 	 	 	 	 	 	 	 	 	 	 	 	 	 	 	 	 	 	 	 	 	 	 	 	 	 	 	 	 	 	 	 	 	 	 	 	 	 	 	 	 	 	 	 	 	 	 	 	 	 	 	 	 	 	 	 	 	 	 	 	 	 	 	 	 	 	 	 	 	 	 	 	 	 	 	 	 	 	 	 	 	 	 	 	 	 	 	 	 	 	 	 	 	 	 	 	 	 	 	 	 	 	 	 	 	 	 	 	 	 	 	 	 	 	 	 	 	 	 	 	 	 	 	 	 	 	 	 	 	 	 	 	 	 	 	 	 	 	 	 	 	 	 	 	 	 	 	 	 	 	 	 
GP_BP	Antigen Processing And Presentation Of Endogenous Peptide Antigen	D2: Antigen Presentation	-0.31225	 0.40121	0.18	-0.7135	Ductal	0.0002562888	***	0.06166972	ns	0.18	 3	HLA-A	HLA-B	HLA-G	 	 	 	 	 	 	 	 	 	 	 	 	 	 	 	 	 	 	 	 	 	 	 	 	 	 	 	 	 	 	 	 	 	 	 	 	 	 	 	 	 	 	 	 	 	 	 	 	 	 	 	 	 	 	 	 	 	 	 	 	 	 	 	 	 	 	 	 	 	 	 	 	 	 	 	 	 	 	 	 	 	 	 	 	 	 	 	 	 	 	 	 	 	 	 	 	 	 	 	 	 	 	 	 	 	 	 	 	 	 	 	 	 	 	 	 	 	 	 	 	 	 	 	 	 	 	 	 	 	 	 	 	 	 	 	 	 	 	 	 	 	 	 	 	 	 	 	 	 	 	 	 	 	 	 	 	 	 	 	 	 	 	 	 	 	 	 	 	 	 	 	 	 	 	 	 	 	 	 	 	 	 	 	 	 	 	 	 	 	 	 	 
GP_BP	Antigen Processing And Presentation Of Endogenous Peptide Antigen Via Mhc Class I Via Er Pathway	D2: Antigen Presentation	-0.31225	 0.40121	0.00	-0.7135	Ductal	0.0002562888	***	0.06166972	ns	0.00	 3	HLA-A	HLA-B	HLA-G	 	 	 	 	 	 	 	 	 	 	 	 	 	 	 	 	 	 	 	 	 	 	 	 	 	 	 	 	 	 	 	 	 	 	 	 	 	 	 	 	 	 	 	 	 	 	 	 	 	 	 	 	 	 	 	 	 	 	 	 	 	 	 	 	 	 	 	 	 	 	 	 	 	 	 	 	 	 	 	 	 	 	 	 	 	 	 	 	 	 	 	 	 	 	 	 	 	 	 	 	 	 	 	 	 	 	 	 	 	 	 	 	 	 	 	 	 	 	 	 	 	 	 	 	 	 	 	 	 	 	 	 	 	 	 	 	 	 	 	 	 	 	 	 	 	 	 	 	 	 	 	 	 	 	 	 	 	 	 	 	 	 	 	 	 	 	 	 	 	 	 	 	 	 	 	 	 	 	 	 	 	 	 	 	 	 	 	 	 	 	 	 
GP_BP	Antigen Processing And Presentation Of Peptide Antigen Via Mhc Class I	D2: Antigen Presentation	-0.31225	 0.40121	1.16	-0.7135	Ductal	0.0002562888	***	0.06166972	ns	1.16	 3	HLA-A	HLA-B	HLA-G	 	 	 	 	 	 	 	 	 	 	 	 	 	 	 	 	 	 	 	 	 	 	 	 	 	 	 	 	 	 	 	 	 	 	 	 	 	 	 	 	 	 	 	 	 	 	 	 	 	 	 	 	 	 	 	 	 	 	 	 	 	 	 	 	 	 	 	 	 	 	 	 	 	 	 	 	 	 	 	 	 	 	 	 	 	 	 	 	 	 	 	 	 	 	 	 	 	 	 	 	 	 	 	 	 	 	 	 	 	 	 	 	 	 	 	 	 	 	 	 	 	 	 	 	 	 	 	 	 	 	 	 	 	 	 	 	 	 	 	 	 	 	 	 	 	 	 	 	 	 	 	 	 	 	 	 	 	 	 	 	 	 	 	 	 	 	 	 	 	 	 	 	 	 	 	 	 	 	 	 	 	 	 	 	 	 	 	 	 	 	 	 
GP_BP	Cell Cycle Checkpoint Signaling	L1: Cell Cycle	 0.14168	-0.18598	3.74	 0.3277	Lobular	0.0010815900	**	0.20658368	ns	3.74	16	BRIP1	CDKN1A	CLOCK	DTL	GIGYF2	KLHL22	NDC80	ORC1	THOC1	TICRR	TOPBP1	TP53	TREX1	TTK	VPS4A	ZNF830	 	 	 	 	 	 	 	 	 	 	 	 	 	 	 	 	 	 	 	 	 	 	 	 	 	 	 	 	 	 	 	 	 	 	 	 	 	 	 	 	 	 	 	 	 	 	 	 	 	 	 	 	 	 	 	 	 	 	 	 	 	 	 	 	 	 	 	 	 	 	 	 	 	 	 	 	 	 	 	 	 	 	 	 	 	 	 	 	 	 	 	 	 	 	 	 	 	 	 	 	 	 	 	 	 	 	 	 	 	 	 	 	 	 	 	 	 	 	 	 	 	 	 	 	 	 	 	 	 	 	 	 	 	 	 	 	 	 	 	 	 	 	 	 	 	 	 	 	 	 	 	 	 	 	 	 	 	 	 	 	 	 	 	 	 	 	 	 	 	 	 	 	 	 	 	 	 	 	 
GP_BP	Cell Death In Response To Oxidative Stress	D4: Oxidative Stress	-0.17407	 0.20872	3.12	-0.3828	Ductal	0.0000169974	****	0.00465728	**	3.12	15	FOXO3	GFER	HIF1A	HSPB1	INS	MAP3K5	MELK	NOL3	P4HB	PDE8A	PRKCD	PRODH	PYCR1	REST	SIRT1	 	 	 	 	 	 	 	 	 	 	 	 	 	 	 	 	 	 	 	 	 	 	 	 	 	 	 	 	 	 	 	 	 	 	 	 	 	 	 	 	 	 	 	 	 	 	 	 	 	 	 	 	 	 	 	 	 	 	 	 	 	 	 	 	 	 	 	 	 	 	 	 	 	 	 	 	 	 	 	 	 	 	 	 	 	 	 	 	 	 	 	 	 	 	 	 	 	 	 	 	 	 	 	 	 	 	 	 	 	 	 	 	 	 	 	 	 	 	 	 	 	 	 	 	 	 	 	 	 	 	 	 	 	 	 	 	 	 	 	 	 	 	 	 	 	 	 	 	 	 	 	 	 	 	 	 	 	 	 	 	 	 	 	 	 	 	 	 	 	 	 	 	 	 	 	 	 	 	 	 
GP_BP	Cellular Response To Leptin Stimulus	L6: Leptin Signaling/Glucose Metabolism	 0.22115	-0.28827	1.10	 0.5094	Lobular	0.0002558910	***	0.06166972	ns	1.10	 5	GCK	LEPR	MT3	SIRT1	STAT3	 	 	 	 	 	 	 	 	 	 	 	 	 	 	 	 	 	 	 	 	 	 	 	 	 	 	 	 	 	 	 	 	 	 	 	 	 	 	 	 	 	 	 	 	 	 	 	 	 	 	 	 	 	 	 	 	 	 	 	 	 	 	 	 	 	 	 	 	 	 	 	 	 	 	 	 	 	 	 	 	 	 	 	 	 	 	 	 	 	 	 	 	 	 	 	 	 	 	 	 	 	 	 	 	 	 	 	 	 	 	 	 	 	 	 	 	 	 	 	 	 	 	 	 	 	 	 	 	 	 	 	 	 	 	 	 	 	 	 	 	 	 	 	 	 	 	 	 	 	 	 	 	 	 	 	 	 	 	 	 	 	 	 	 	 	 	 	 	 	 	 	 	 	 	 	 	 	 	 	 	 	 	 	 	 	 	 	 	 	 
GP_BP	Chondroitin Sulfate Proteoglycan Metabolic Process	L8: Proteoglycan Metabolism	 0.31793	-0.17503	4.18	 0.4930	Lobular	0.0006502451	***	0.13460073	ns	4.18	 6	CHST13	DSE	DSEL	HYAL1	HYAL4	SPOCK3	 	 	 	 	 	 	 	 	 	 	 	 	 	 	 	 	 	 	 	 	 	 	 	 	 	 	 	 	 	 	 	 	 	 	 	 	 	 	 	 	 	 	 	 	 	 	 	 	 	 	 	 	 	 	 	 	 	 	 	 	 	 	 	 	 	 	 	 	 	 	 	 	 	 	 	 	 	 	 	 	 	 	 	 	 	 	 	 	 	 	 	 	 	 	 	 	 	 	 	 	 	 	 	 	 	 	 	 	 	 	 	 	 	 	 	 	 	 	 	 	 	 	 	 	 	 	 	 	 	 	 	 	 	 	 	 	 	 	 	 	 	 	 	 	 	 	 	 	 	 	 	 	 	 	 	 	 	 	 	 	 	 	 	 	 	 	 	 	 	 	 	 	 	 	 	 	 	 	 	 	 	 	 	 	 	 	 	 	 
GP_BP	Collagen Biosynthetic Process	L7: Collagen Metabolism	 0.32142	-0.29234	4.64	 0.6138	Lobular	0.0003552513	***	0.08028679	ns	4.64	 6	ADAMTS3	F2R	RCN3	TGFB3	TRAM2	UCN	 	 	 	 	 	 	 	 	 	 	 	 	 	 	 	 	 	 	 	 	 	 	 	 	 	 	 	 	 	 	 	 	 	 	 	 	 	 	 	 	 	 	 	 	 	 	 	 	 	 	 	 	 	 	 	 	 	 	 	 	 	 	 	 	 	 	 	 	 	 	 	 	 	 	 	 	 	 	 	 	 	 	 	 	 	 	 	 	 	 	 	 	 	 	 	 	 	 	 	 	 	 	 	 	 	 	 	 	 	 	 	 	 	 	 	 	 	 	 	 	 	 	 	 	 	 	 	 	 	 	 	 	 	 	 	 	 	 	 	 	 	 	 	 	 	 	 	 	 	 	 	 	 	 	 	 	 	 	 	 	 	 	 	 	 	 	 	 	 	 	 	 	 	 	 	 	 	 	 	 	 	 	 	 	 	 	 	 	 
GP_BP	Collagen Metabolic Process	L7: Collagen Metabolism	 0.22502	-0.17769	4.92	 0.4027	Lobular	0.0021307074	**	0.38139662	ns	4.92	10	ADAMTS3	F2R	FURIN	HIF1A	KLK6	MMP17	RCN3	TGFB3	TRAM2	UCN	 	 	 	 	 	 	 	 	 	 	 	 	 	 	 	 	 	 	 	 	 	 	 	 	 	 	 	 	 	 	 	 	 	 	 	 	 	 	 	 	 	 	 	 	 	 	 	 	 	 	 	 	 	 	 	 	 	 	 	 	 	 	 	 	 	 	 	 	 	 	 	 	 	 	 	 	 	 	 	 	 	 	 	 	 	 	 	 	 	 	 	 	 	 	 	 	 	 	 	 	 	 	 	 	 	 	 	 	 	 	 	 	 	 	 	 	 	 	 	 	 	 	 	 	 	 	 	 	 	 	 	 	 	 	 	 	 	 	 	 	 	 	 	 	 	 	 	 	 	 	 	 	 	 	 	 	 	 	 	 	 	 	 	 	 	 	 	 	 	 	 	 	 	 	 	 	 	 	 	 	 	 	 	 	 
GP_BP	Glucose Metabolic Process	L6: Leptin Signaling/Glucose Metabolism	 0.12650	-0.15963	4.38	 0.2861	Lobular	0.0002698186	***	0.06264307	ns	4.38	27	BCKDK	C1QTNF3	DCXR	DLAT	ENPP1	GCK	GCKR	IGFBP4	INS	KCNQ1	LEPR	MYC	NCOA2	NPY1R	OAS1	PDK4	PGAM2	PGM2	PPP1CB	PPP1R3C	PPP4R3B	SIK1	SIRT1	SLC35B4	TFF3	TIGAR	TP53	 	 	 	 	 	 	 	 	 	 	 	 	 	 	 	 	 	 	 	 	 	 	 	 	 	 	 	 	 	 	 	 	 	 	 	 	 	 	 	 	 	 	 	 	 	 	 	 	 	 	 	 	 	 	 	 	 	 	 	 	 	 	 	 	 	 	 	 	 	 	 	 	 	 	 	 	 	 	 	 	 	 	 	 	 	 	 	 	 	 	 	 	 	 	 	 	 	 	 	 	 	 	 	 	 	 	 	 	 	 	 	 	 	 	 	 	 	 	 	 	 	 	 	 	 	 	 	 	 	 	 	 	 	 	 	 	 	 	 	 	 	 	 	 	 	 	 	 	 	 	 	 	 	 	 	 	 	 	 	 	 	 	 	 	 	 	 	 
GP_BP	Intrinsic Apoptotic Signaling Pathway In Response To Oxidative Stress	D4: Oxidative Stress	-0.04228	 0.16515	3.02	-0.2074	Ductal	0.0186051736	*	1.00000000	ns	3.02	10	HIF1A	HSPB1	INS	MAP3K5	MELK	NOL3	P4HB	PRKCD	PRODH	SIRT1	 	 	 	 	 	 	 	 	 	 	 	 	 	 	 	 	 	 	 	 	 	 	 	 	 	 	 	 	 	 	 	 	 	 	 	 	 	 	 	 	 	 	 	 	 	 	 	 	 	 	 	 	 	 	 	 	 	 	 	 	 	 	 	 	 	 	 	 	 	 	 	 	 	 	 	 	 	 	 	 	 	 	 	 	 	 	 	 	 	 	 	 	 	 	 	 	 	 	 	 	 	 	 	 	 	 	 	 	 	 	 	 	 	 	 	 	 	 	 	 	 	 	 	 	 	 	 	 	 	 	 	 	 	 	 	 	 	 	 	 	 	 	 	 	 	 	 	 	 	 	 	 	 	 	 	 	 	 	 	 	 	 	 	 	 	 	 	 	 	 	 	 	 	 	 	 	 	 	 	 	 	 	 	 	 
GP_BP	Leptin Mediated Signaling Pathway	L6: Leptin Signaling/Glucose Metabolism	 0.16203	-0.33489	0.04	 0.4969	Lobular	0.0009050134	***	0.17647761	ns	0.04	 4	LEPR	MT3	SIRT1	STAT3	 	 	 	 	 	 	 	 	 	 	 	 	 	 	 	 	 	 	 	 	 	 	 	 	 	 	 	 	 	 	 	 	 	 	 	 	 	 	 	 	 	 	 	 	 	 	 	 	 	 	 	 	 	 	 	 	 	 	 	 	 	 	 	 	 	 	 	 	 	 	 	 	 	 	 	 	 	 	 	 	 	 	 	 	 	 	 	 	 	 	 	 	 	 	 	 	 	 	 	 	 	 	 	 	 	 	 	 	 	 	 	 	 	 	 	 	 	 	 	 	 	 	 	 	 	 	 	 	 	 	 	 	 	 	 	 	 	 	 	 	 	 	 	 	 	 	 	 	 	 	 	 	 	 	 	 	 	 	 	 	 	 	 	 	 	 	 	 	 	 	 	 	 	 	 	 	 	 	 	 	 	 	 	 	 	 	 	 	 	 	 
GP_BP	Meiosis I Cell Cycle Process	L1: Cell Cycle	 0.24900	-0.14138	2.36	 0.3904	Lobular	0.0173193119	*	1.00000000	ns	2.36	12	BRCA2	BRDT	BRIP1	C11orf80	CCNB1IP1	HSPA2	MEIOB	MOV10L1	NDC80	SYCE1L	TEX15	WEE2	 	 	 	 	 	 	 	 	 	 	 	 	 	 	 	 	 	 	 	 	 	 	 	 	 	 	 	 	 	 	 	 	 	 	 	 	 	 	 	 	 	 	 	 	 	 	 	 	 	 	 	 	 	 	 	 	 	 	 	 	 	 	 	 	 	 	 	 	 	 	 	 	 	 	 	 	 	 	 	 	 	 	 	 	 	 	 	 	 	 	 	 	 	 	 	 	 	 	 	 	 	 	 	 	 	 	 	 	 	 	 	 	 	 	 	 	 	 	 	 	 	 	 	 	 	 	 	 	 	 	 	 	 	 	 	 	 	 	 	 	 	 	 	 	 	 	 	 	 	 	 	 	 	 	 	 	 	 	 	 	 	 	 	 	 	 	 	 	 	 	 	 	 	 	 	 	 	 	 	 	 	 	 
GP_BP	Meiotic Cell Cycle	L1: Cell Cycle	 0.14643	-0.09372	2.74	 0.2402	Lobular	0.0451556349	*	1.00000000	ns	2.74	29	BOLL	BRCA2	BRDT	BRIP1	C11orf80	CCNB1IP1	DUSP13	FAM9C	FBXO43	GPR3	HSPA2	MEIOB	MOV10L1	MYH9	NCAPD3	NCAPH	NDC80	NUF2	PLCB1	RBM7	SMC3	SPIRE2	SYCE1L	TDRD1	TEX15	TTK	TUBGCP5	WBP2NL	WEE2	 	 	 	 	 	 	 	 	 	 	 	 	 	 	 	 	 	 	 	 	 	 	 	 	 	 	 	 	 	 	 	 	 	 	 	 	 	 	 	 	 	 	 	 	 	 	 	 	 	 	 	 	 	 	 	 	 	 	 	 	 	 	 	 	 	 	 	 	 	 	 	 	 	 	 	 	 	 	 	 	 	 	 	 	 	 	 	 	 	 	 	 	 	 	 	 	 	 	 	 	 	 	 	 	 	 	 	 	 	 	 	 	 	 	 	 	 	 	 	 	 	 	 	 	 	 	 	 	 	 	 	 	 	 	 	 	 	 	 	 	 	 	 	 	 	 	 	 	 	 	 	 	 	 	 	 	 	 	 	 	 	 	 	 	 	 
GP_BP	Meiotic Cell Cycle Process	L1: Cell Cycle	 0.19095	-0.09759	2.80	 0.2885	Lobular	0.0175862992	*	1.00000000	ns	2.80	21	BRCA2	BRDT	BRIP1	C11orf80	CCNB1IP1	FBXO43	GPR3	HSPA2	MEIOB	MOV10L1	MYH9	NCAPD3	NCAPH	NDC80	NUF2	PLCB1	SPIRE2	SYCE1L	TEX15	TTK	WEE2	 	 	 	 	 	 	 	 	 	 	 	 	 	 	 	 	 	 	 	 	 	 	 	 	 	 	 	 	 	 	 	 	 	 	 	 	 	 	 	 	 	 	 	 	 	 	 	 	 	 	 	 	 	 	 	 	 	 	 	 	 	 	 	 	 	 	 	 	 	 	 	 	 	 	 	 	 	 	 	 	 	 	 	 	 	 	 	 	 	 	 	 	 	 	 	 	 	 	 	 	 	 	 	 	 	 	 	 	 	 	 	 	 	 	 	 	 	 	 	 	 	 	 	 	 	 	 	 	 	 	 	 	 	 	 	 	 	 	 	 	 	 	 	 	 	 	 	 	 	 	 	 	 	 	 	 	 	 	 	 	 	 	 	 	 	 	 	 	 	 	 	 	 	 
GP_BP	Mitotic Cell Cycle Checkpoint Signaling	L1: Cell Cycle	 0.14642	-0.20693	3.68	 0.3534	Lobular	0.0003964525	***	0.08880535	ns	3.68	13	CDKN1A	DTL	GIGYF2	KLHL22	NDC80	ORC1	TICRR	TOPBP1	TP53	TREX1	TTK	VPS4A	ZNF830	 	 	 	 	 	 	 	 	 	 	 	 	 	 	 	 	 	 	 	 	 	 	 	 	 	 	 	 	 	 	 	 	 	 	 	 	 	 	 	 	 	 	 	 	 	 	 	 	 	 	 	 	 	 	 	 	 	 	 	 	 	 	 	 	 	 	 	 	 	 	 	 	 	 	 	 	 	 	 	 	 	 	 	 	 	 	 	 	 	 	 	 	 	 	 	 	 	 	 	 	 	 	 	 	 	 	 	 	 	 	 	 	 	 	 	 	 	 	 	 	 	 	 	 	 	 	 	 	 	 	 	 	 	 	 	 	 	 	 	 	 	 	 	 	 	 	 	 	 	 	 	 	 	 	 	 	 	 	 	 	 	 	 	 	 	 	 	 	 	 	 	 	 	 	 	 	 	 	 	 	 	 
GP_BP	Natural Killer Cell Mediated Immunity	D3: Lymphocyte Immunity	-0.19411	 0.20611	2.42	-0.4002	Ductal	0.0035808169	**	0.61231969	ns	2.42	11	AP1G1	CLEC2A	GFER	HLA-A	HLA-B	HLA-G	KLRD1	KLRF2	PLEKHM2	RASGRP1	ULBP1	 	 	 	 	 	 	 	 	 	 	 	 	 	 	 	 	 	 	 	 	 	 	 	 	 	 	 	 	 	 	 	 	 	 	 	 	 	 	 	 	 	 	 	 	 	 	 	 	 	 	 	 	 	 	 	 	 	 	 	 	 	 	 	 	 	 	 	 	 	 	 	 	 	 	 	 	 	 	 	 	 	 	 	 	 	 	 	 	 	 	 	 	 	 	 	 	 	 	 	 	 	 	 	 	 	 	 	 	 	 	 	 	 	 	 	 	 	 	 	 	 	 	 	 	 	 	 	 	 	 	 	 	 	 	 	 	 	 	 	 	 	 	 	 	 	 	 	 	 	 	 	 	 	 	 	 	 	 	 	 	 	 	 	 	 	 	 	 	 	 	 	 	 	 	 	 	 	 	 	 	 	 	 	 
GP_BP	Negative Regulation Of B Cell Mediated Immunity	L3: B-Cell Immunity	 0.31801	-0.27408	0.40	 0.5921	Lobular	0.0021182914	**	0.38129246	ns	0.40	 3	BCL6	SUSD4	THOC1	 	 	 	 	 	 	 	 	 	 	 	 	 	 	 	 	 	 	 	 	 	 	 	 	 	 	 	 	 	 	 	 	 	 	 	 	 	 	 	 	 	 	 	 	 	 	 	 	 	 	 	 	 	 	 	 	 	 	 	 	 	 	 	 	 	 	 	 	 	 	 	 	 	 	 	 	 	 	 	 	 	 	 	 	 	 	 	 	 	 	 	 	 	 	 	 	 	 	 	 	 	 	 	 	 	 	 	 	 	 	 	 	 	 	 	 	 	 	 	 	 	 	 	 	 	 	 	 	 	 	 	 	 	 	 	 	 	 	 	 	 	 	 	 	 	 	 	 	 	 	 	 	 	 	 	 	 	 	 	 	 	 	 	 	 	 	 	 	 	 	 	 	 	 	 	 	 	 	 	 	 	 	 	 	 	 	 	 	 	 	 	 
GP_BP	Negative Regulation Of Cell Cycle	L1: Cell Cycle	 0.08542	-0.08861	3.52	 0.1740	Lobular	0.0059433968	**	0.90270613	ns	3.52	41	ADCYAP1	APBB2	BCL6	BRIP1	BTG2	CCL2	CDKN1A	CDKN2B	CDKN2C	CLOCK	DTL	E2F7	EZH2	FBXO43	GIGYF2	GMNC	HEXIM2	HLA-G	HPGD	KLF4	KLHL22	MDM1	NDC80	NUPR1	ORC1	PTGS2	RBL2	SIPA1	SIRT1	SUSD2	THOC1	TICRR	TOM1L1	TOPBP1	TP53	TREX1	TRIM35	TTK	VPS4A	WEE2	ZNF830	 	 	 	 	 	 	 	 	 	 	 	 	 	 	 	 	 	 	 	 	 	 	 	 	 	 	 	 	 	 	 	 	 	 	 	 	 	 	 	 	 	 	 	 	 	 	 	 	 	 	 	 	 	 	 	 	 	 	 	 	 	 	 	 	 	 	 	 	 	 	 	 	 	 	 	 	 	 	 	 	 	 	 	 	 	 	 	 	 	 	 	 	 	 	 	 	 	 	 	 	 	 	 	 	 	 	 	 	 	 	 	 	 	 	 	 	 	 	 	 	 	 	 	 	 	 	 	 	 	 	 	 	 	 	 	 	 	 	 	 	 	 	 	 	 	 	 	 	 	 	 	 	 	 
GP_BP	Negative Regulation Of Cell Cycle Phase Transition	L1: Cell Cycle	 0.09299	-0.14706	3.48	 0.2400	Lobular	0.0037987865	**	0.63059856	ns	3.48	24	APBB2	BRIP1	CCL2	CDKN1A	CDKN2B	CLOCK	DTL	E2F7	EZH2	GIGYF2	KLF4	KLHL22	NDC80	ORC1	RBL2	SUSD2	THOC1	TICRR	TOPBP1	TP53	TREX1	TTK	VPS4A	ZNF830	 	 	 	 	 	 	 	 	 	 	 	 	 	 	 	 	 	 	 	 	 	 	 	 	 	 	 	 	 	 	 	 	 	 	 	 	 	 	 	 	 	 	 	 	 	 	 	 	 	 	 	 	 	 	 	 	 	 	 	 	 	 	 	 	 	 	 	 	 	 	 	 	 	 	 	 	 	 	 	 	 	 	 	 	 	 	 	 	 	 	 	 	 	 	 	 	 	 	 	 	 	 	 	 	 	 	 	 	 	 	 	 	 	 	 	 	 	 	 	 	 	 	 	 	 	 	 	 	 	 	 	 	 	 	 	 	 	 	 	 	 	 	 	 	 	 	 	 	 	 	 	 	 	 	 	 	 	 	 	 	 	 	 	 	 	 	 	 	 	 	 
GP_BP	Negative Regulation Of Cell Cycle Process	L1: Cell Cycle	 0.07160	-0.12524	3.90	 0.1968	Lobular	0.0118058178	*	1.00000000	ns	3.90	29	APBB2	BCL6	BRIP1	CCL2	CDKN1A	CDKN2B	CLOCK	DTL	E2F7	EZH2	FBXO43	GIGYF2	HLA-G	KLF4	KLHL22	MDM1	NDC80	ORC1	RBL2	SUSD2	THOC1	TICRR	TOM1L1	TOPBP1	TP53	TREX1	TTK	VPS4A	ZNF830	 	 	 	 	 	 	 	 	 	 	 	 	 	 	 	 	 	 	 	 	 	 	 	 	 	 	 	 	 	 	 	 	 	 	 	 	 	 	 	 	 	 	 	 	 	 	 	 	 	 	 	 	 	 	 	 	 	 	 	 	 	 	 	 	 	 	 	 	 	 	 	 	 	 	 	 	 	 	 	 	 	 	 	 	 	 	 	 	 	 	 	 	 	 	 	 	 	 	 	 	 	 	 	 	 	 	 	 	 	 	 	 	 	 	 	 	 	 	 	 	 	 	 	 	 	 	 	 	 	 	 	 	 	 	 	 	 	 	 	 	 	 	 	 	 	 	 	 	 	 	 	 	 	 	 	 	 	 	 	 	 	 	 	 	 	 
GP_BP	Negative Regulation Of Gluconeogenesis	L6: Leptin Signaling/Glucose Metabolism	 0.29627	-0.29428	0.00	 0.5905	Lobular	0.0002092609	***	0.05105965	ns	0.00	 5	C1QTNF3	GCK	INS	LEPR	SIK1	 	 	 	 	 	 	 	 	 	 	 	 	 	 	 	 	 	 	 	 	 	 	 	 	 	 	 	 	 	 	 	 	 	 	 	 	 	 	 	 	 	 	 	 	 	 	 	 	 	 	 	 	 	 	 	 	 	 	 	 	 	 	 	 	 	 	 	 	 	 	 	 	 	 	 	 	 	 	 	 	 	 	 	 	 	 	 	 	 	 	 	 	 	 	 	 	 	 	 	 	 	 	 	 	 	 	 	 	 	 	 	 	 	 	 	 	 	 	 	 	 	 	 	 	 	 	 	 	 	 	 	 	 	 	 	 	 	 	 	 	 	 	 	 	 	 	 	 	 	 	 	 	 	 	 	 	 	 	 	 	 	 	 	 	 	 	 	 	 	 	 	 	 	 	 	 	 	 	 	 	 	 	 	 	 	 	 	 	 	 
GP_BP	Negative Regulation Of Lymphocyte Mediated Immunity	D3: Lymphocyte Immunity	-0.06108	 0.15944	3.90	-0.2205	Ductal	0.0155899493	*	1.00000000	ns	3.90	12	AHR	BCL6	GFER	HLA-A	HLA-B	HLA-G	IL20RB	IL4I1	KLRD1	NCKAP1L	SUSD4	THOC1	 	 	 	 	 	 	 	 	 	 	 	 	 	 	 	 	 	 	 	 	 	 	 	 	 	 	 	 	 	 	 	 	 	 	 	 	 	 	 	 	 	 	 	 	 	 	 	 	 	 	 	 	 	 	 	 	 	 	 	 	 	 	 	 	 	 	 	 	 	 	 	 	 	 	 	 	 	 	 	 	 	 	 	 	 	 	 	 	 	 	 	 	 	 	 	 	 	 	 	 	 	 	 	 	 	 	 	 	 	 	 	 	 	 	 	 	 	 	 	 	 	 	 	 	 	 	 	 	 	 	 	 	 	 	 	 	 	 	 	 	 	 	 	 	 	 	 	 	 	 	 	 	 	 	 	 	 	 	 	 	 	 	 	 	 	 	 	 	 	 	 	 	 	 	 	 	 	 	 	 	 	 	 
GP_BP	Negative Regulation Of Metaphase Anaphase Transition Of Cell Cycle	L1: Cell Cycle	 0.24347	-0.33523	1.08	 0.5787	Lobular	0.0052701333	**	0.83335701	ns	1.08	 3	KLHL22	NDC80	TTK	 	 	 	 	 	 	 	 	 	 	 	 	 	 	 	 	 	 	 	 	 	 	 	 	 	 	 	 	 	 	 	 	 	 	 	 	 	 	 	 	 	 	 	 	 	 	 	 	 	 	 	 	 	 	 	 	 	 	 	 	 	 	 	 	 	 	 	 	 	 	 	 	 	 	 	 	 	 	 	 	 	 	 	 	 	 	 	 	 	 	 	 	 	 	 	 	 	 	 	 	 	 	 	 	 	 	 	 	 	 	 	 	 	 	 	 	 	 	 	 	 	 	 	 	 	 	 	 	 	 	 	 	 	 	 	 	 	 	 	 	 	 	 	 	 	 	 	 	 	 	 	 	 	 	 	 	 	 	 	 	 	 	 	 	 	 	 	 	 	 	 	 	 	 	 	 	 	 	 	 	 	 	 	 	 	 	 	 	 	 	 	 
GP_BP	Negative Regulation Of Mitotic Cell Cycle	L1: Cell Cycle	 0.12480	-0.19697	3.36	 0.3218	Lobular	0.0001829286	***	0.04481751	*	3.36	23	BCL6	BTG2	CCL2	CDKN1A	CDKN2B	DTL	E2F7	EZH2	GIGYF2	KLF4	KLHL22	NDC80	ORC1	RBL2	TICRR	TOM1L1	TOPBP1	TP53	TREX1	TRIM35	TTK	VPS4A	ZNF830	 	 	 	 	 	 	 	 	 	 	 	 	 	 	 	 	 	 	 	 	 	 	 	 	 	 	 	 	 	 	 	 	 	 	 	 	 	 	 	 	 	 	 	 	 	 	 	 	 	 	 	 	 	 	 	 	 	 	 	 	 	 	 	 	 	 	 	 	 	 	 	 	 	 	 	 	 	 	 	 	 	 	 	 	 	 	 	 	 	 	 	 	 	 	 	 	 	 	 	 	 	 	 	 	 	 	 	 	 	 	 	 	 	 	 	 	 	 	 	 	 	 	 	 	 	 	 	 	 	 	 	 	 	 	 	 	 	 	 	 	 	 	 	 	 	 	 	 	 	 	 	 	 	 	 	 	 	 	 	 	 	 	 	 	 	 	 	 	 	 	 	 
GP_BP	Negative Regulation Of Mitotic Cell Cycle Phase Transition	L1: Cell Cycle	 0.14218	-0.19882	3.82	 0.3410	Lobular	0.0002428994	***	0.05878166	ns	3.82	19	CCL2	CDKN1A	CDKN2B	DTL	E2F7	EZH2	GIGYF2	KLF4	KLHL22	NDC80	ORC1	RBL2	TICRR	TOPBP1	TP53	TREX1	TTK	VPS4A	ZNF830	 	 	 	 	 	 	 	 	 	 	 	 	 	 	 	 	 	 	 	 	 	 	 	 	 	 	 	 	 	 	 	 	 	 	 	 	 	 	 	 	 	 	 	 	 	 	 	 	 	 	 	 	 	 	 	 	 	 	 	 	 	 	 	 	 	 	 	 	 	 	 	 	 	 	 	 	 	 	 	 	 	 	 	 	 	 	 	 	 	 	 	 	 	 	 	 	 	 	 	 	 	 	 	 	 	 	 	 	 	 	 	 	 	 	 	 	 	 	 	 	 	 	 	 	 	 	 	 	 	 	 	 	 	 	 	 	 	 	 	 	 	 	 	 	 	 	 	 	 	 	 	 	 	 	 	 	 	 	 	 	 	 	 	 	 	 	 	 	 	 	 	 	 	 	 	 
GP_BP	Negative Regulation Of Natural Killer Cell Mediated Immunity	D3: Lymphocyte Immunity	-0.23739	 0.30023	1.94	-0.5376	Ductal	0.0014967750	**	0.27989693	ns	1.94	 5	GFER	HLA-A	HLA-B	HLA-G	KLRD1	 	 	 	 	 	 	 	 	 	 	 	 	 	 	 	 	 	 	 	 	 	 	 	 	 	 	 	 	 	 	 	 	 	 	 	 	 	 	 	 	 	 	 	 	 	 	 	 	 	 	 	 	 	 	 	 	 	 	 	 	 	 	 	 	 	 	 	 	 	 	 	 	 	 	 	 	 	 	 	 	 	 	 	 	 	 	 	 	 	 	 	 	 	 	 	 	 	 	 	 	 	 	 	 	 	 	 	 	 	 	 	 	 	 	 	 	 	 	 	 	 	 	 	 	 	 	 	 	 	 	 	 	 	 	 	 	 	 	 	 	 	 	 	 	 	 	 	 	 	 	 	 	 	 	 	 	 	 	 	 	 	 	 	 	 	 	 	 	 	 	 	 	 	 	 	 	 	 	 	 	 	 	 	 	 	 	 	 	 	 
GP_BP	Negative Regulation Of Oxidative Stress Induced Cell Death	D4: Oxidative Stress	-0.22607	 0.29705	1.90	-0.5231	Ductal	0.0000750986	****	0.01922524	*	1.90	 9	GFER	HIF1A	HSPB1	INS	NOL3	PDE8A	PYCR1	REST	SIRT1	 	 	 	 	 	 	 	 	 	 	 	 	 	 	 	 	 	 	 	 	 	 	 	 	 	 	 	 	 	 	 	 	 	 	 	 	 	 	 	 	 	 	 	 	 	 	 	 	 	 	 	 	 	 	 	 	 	 	 	 	 	 	 	 	 	 	 	 	 	 	 	 	 	 	 	 	 	 	 	 	 	 	 	 	 	 	 	 	 	 	 	 	 	 	 	 	 	 	 	 	 	 	 	 	 	 	 	 	 	 	 	 	 	 	 	 	 	 	 	 	 	 	 	 	 	 	 	 	 	 	 	 	 	 	 	 	 	 	 	 	 	 	 	 	 	 	 	 	 	 	 	 	 	 	 	 	 	 	 	 	 	 	 	 	 	 	 	 	 	 	 	 	 	 	 	 	 	 	 	 	 	 	 	 	 	 
GP_BP	Negative Regulation Of Oxidative Stress Induced Intrinsic Apoptotic Signaling Pathway	D4: Oxidative Stress	-0.03682	 0.25276	0.72	-0.2896	Ductal	0.0170894108	*	1.00000000	ns	0.72	 5	HIF1A	HSPB1	INS	NOL3	SIRT1	 	 	 	 	 	 	 	 	 	 	 	 	 	 	 	 	 	 	 	 	 	 	 	 	 	 	 	 	 	 	 	 	 	 	 	 	 	 	 	 	 	 	 	 	 	 	 	 	 	 	 	 	 	 	 	 	 	 	 	 	 	 	 	 	 	 	 	 	 	 	 	 	 	 	 	 	 	 	 	 	 	 	 	 	 	 	 	 	 	 	 	 	 	 	 	 	 	 	 	 	 	 	 	 	 	 	 	 	 	 	 	 	 	 	 	 	 	 	 	 	 	 	 	 	 	 	 	 	 	 	 	 	 	 	 	 	 	 	 	 	 	 	 	 	 	 	 	 	 	 	 	 	 	 	 	 	 	 	 	 	 	 	 	 	 	 	 	 	 	 	 	 	 	 	 	 	 	 	 	 	 	 	 	 	 	 	 	 	 	 
GP_BP	Negative Regulation Of Oxidative Stress Induced Neuron Death	D4: Oxidative Stress	-0.30010	 0.31331	0.24	-0.6134	Ductal	0.0026846221	**	0.47249350	ns	0.24	 3	GFER	HIF1A	REST	 	 	 	 	 	 	 	 	 	 	 	 	 	 	 	 	 	 	 	 	 	 	 	 	 	 	 	 	 	 	 	 	 	 	 	 	 	 	 	 	 	 	 	 	 	 	 	 	 	 	 	 	 	 	 	 	 	 	 	 	 	 	 	 	 	 	 	 	 	 	 	 	 	 	 	 	 	 	 	 	 	 	 	 	 	 	 	 	 	 	 	 	 	 	 	 	 	 	 	 	 	 	 	 	 	 	 	 	 	 	 	 	 	 	 	 	 	 	 	 	 	 	 	 	 	 	 	 	 	 	 	 	 	 	 	 	 	 	 	 	 	 	 	 	 	 	 	 	 	 	 	 	 	 	 	 	 	 	 	 	 	 	 	 	 	 	 	 	 	 	 	 	 	 	 	 	 	 	 	 	 	 	 	 	 	 	 	 	 	 	 	 
GP_BP	Negative Regulation Of T Cell Mediated Immunity	D3: Lymphocyte Immunity	-0.17908	 0.36603	4.34	-0.5451	Ductal	0.0000202005	****	0.00549453	**	4.34	 6	AHR	HLA-G	IL20RB	IL4I1	KLRD1	NCKAP1L	 	 	 	 	 	 	 	 	 	 	 	 	 	 	 	 	 	 	 	 	 	 	 	 	 	 	 	 	 	 	 	 	 	 	 	 	 	 	 	 	 	 	 	 	 	 	 	 	 	 	 	 	 	 	 	 	 	 	 	 	 	 	 	 	 	 	 	 	 	 	 	 	 	 	 	 	 	 	 	 	 	 	 	 	 	 	 	 	 	 	 	 	 	 	 	 	 	 	 	 	 	 	 	 	 	 	 	 	 	 	 	 	 	 	 	 	 	 	 	 	 	 	 	 	 	 	 	 	 	 	 	 	 	 	 	 	 	 	 	 	 	 	 	 	 	 	 	 	 	 	 	 	 	 	 	 	 	 	 	 	 	 	 	 	 	 	 	 	 	 	 	 	 	 	 	 	 	 	 	 	 	 	 	 	 	 	 	 	 
GP_BP	Neuron Death In Response To Oxidative Stress	D4: Oxidative Stress	-0.30010	 0.31331	0.64	-0.6134	Ductal	0.0026846221	**	0.47249350	ns	0.64	 3	GFER	HIF1A	REST	 	 	 	 	 	 	 	 	 	 	 	 	 	 	 	 	 	 	 	 	 	 	 	 	 	 	 	 	 	 	 	 	 	 	 	 	 	 	 	 	 	 	 	 	 	 	 	 	 	 	 	 	 	 	 	 	 	 	 	 	 	 	 	 	 	 	 	 	 	 	 	 	 	 	 	 	 	 	 	 	 	 	 	 	 	 	 	 	 	 	 	 	 	 	 	 	 	 	 	 	 	 	 	 	 	 	 	 	 	 	 	 	 	 	 	 	 	 	 	 	 	 	 	 	 	 	 	 	 	 	 	 	 	 	 	 	 	 	 	 	 	 	 	 	 	 	 	 	 	 	 	 	 	 	 	 	 	 	 	 	 	 	 	 	 	 	 	 	 	 	 	 	 	 	 	 	 	 	 	 	 	 	 	 	 	 	 	 	 	 	 	 
GP_BP	Positive Regulation Of Cell Cycle Phase Transition	L1: Cell Cycle	 0.10499	-0.17679	1.70	 0.2818	Lobular	0.0001710692	***	0.04225410	*	1.70	15	CCND2	CDC23	CPSF3	DTL	EGFR	EZH2	HSPA2	HYAL1	PHOX2B	PLCB1	PLRG1	RDX	STOX1	THOC1	UBE2C	 	 	 	 	 	 	 	 	 	 	 	 	 	 	 	 	 	 	 	 	 	 	 	 	 	 	 	 	 	 	 	 	 	 	 	 	 	 	 	 	 	 	 	 	 	 	 	 	 	 	 	 	 	 	 	 	 	 	 	 	 	 	 	 	 	 	 	 	 	 	 	 	 	 	 	 	 	 	 	 	 	 	 	 	 	 	 	 	 	 	 	 	 	 	 	 	 	 	 	 	 	 	 	 	 	 	 	 	 	 	 	 	 	 	 	 	 	 	 	 	 	 	 	 	 	 	 	 	 	 	 	 	 	 	 	 	 	 	 	 	 	 	 	 	 	 	 	 	 	 	 	 	 	 	 	 	 	 	 	 	 	 	 	 	 	 	 	 	 	 	 	 	 	 	 	 	 	 	 	 
GP_BP	Positive Regulation Of Cell Cycle Process	L1: Cell Cycle	 0.11572	-0.12675	2.54	 0.2425	Lobular	0.0011847748	**	0.22510722	ns	2.54	23	CCND2	CDC23	CPSF3	DTL	E2F7	EGF	EGFR	EZH2	HSPA2	HYAL1	INO80	INS	NDC80	PHOX2B	PLCB1	PLRG1	RDX	ROCK2	STOX1	TAS1R2	TAS2R13	THOC1	UBE2C	 	 	 	 	 	 	 	 	 	 	 	 	 	 	 	 	 	 	 	 	 	 	 	 	 	 	 	 	 	 	 	 	 	 	 	 	 	 	 	 	 	 	 	 	 	 	 	 	 	 	 	 	 	 	 	 	 	 	 	 	 	 	 	 	 	 	 	 	 	 	 	 	 	 	 	 	 	 	 	 	 	 	 	 	 	 	 	 	 	 	 	 	 	 	 	 	 	 	 	 	 	 	 	 	 	 	 	 	 	 	 	 	 	 	 	 	 	 	 	 	 	 	 	 	 	 	 	 	 	 	 	 	 	 	 	 	 	 	 	 	 	 	 	 	 	 	 	 	 	 	 	 	 	 	 	 	 	 	 	 	 	 	 	 	 	 	 	 	 	 	 	 
GP_BP	Positive Regulation Of Collagen Metabolic Process	L7: Collagen Metabolism	 0.38117	-0.26378	4.14	 0.6449	Lobular	0.0041473041	**	0.68015786	ns	4.14	 3	F2R	TGFB3	UCN	 	 	 	 	 	 	 	 	 	 	 	 	 	 	 	 	 	 	 	 	 	 	 	 	 	 	 	 	 	 	 	 	 	 	 	 	 	 	 	 	 	 	 	 	 	 	 	 	 	 	 	 	 	 	 	 	 	 	 	 	 	 	 	 	 	 	 	 	 	 	 	 	 	 	 	 	 	 	 	 	 	 	 	 	 	 	 	 	 	 	 	 	 	 	 	 	 	 	 	 	 	 	 	 	 	 	 	 	 	 	 	 	 	 	 	 	 	 	 	 	 	 	 	 	 	 	 	 	 	 	 	 	 	 	 	 	 	 	 	 	 	 	 	 	 	 	 	 	 	 	 	 	 	 	 	 	 	 	 	 	 	 	 	 	 	 	 	 	 	 	 	 	 	 	 	 	 	 	 	 	 	 	 	 	 	 	 	 	 	 	 	 
GP_BP	Positive Regulation Of Double Strand Break Repair	D1: DSB/HR	-0.22048	 0.23174	0.96	-0.4522	Ductal	0.0026198509	**	0.46371361	ns	0.96	 7	EPC2	FANCB	KMT5C	SHLD1	SPIDR	SPIRE2	WAS	 	 	 	 	 	 	 	 	 	 	 	 	 	 	 	 	 	 	 	 	 	 	 	 	 	 	 	 	 	 	 	 	 	 	 	 	 	 	 	 	 	 	 	 	 	 	 	 	 	 	 	 	 	 	 	 	 	 	 	 	 	 	 	 	 	 	 	 	 	 	 	 	 	 	 	 	 	 	 	 	 	 	 	 	 	 	 	 	 	 	 	 	 	 	 	 	 	 	 	 	 	 	 	 	 	 	 	 	 	 	 	 	 	 	 	 	 	 	 	 	 	 	 	 	 	 	 	 	 	 	 	 	 	 	 	 	 	 	 	 	 	 	 	 	 	 	 	 	 	 	 	 	 	 	 	 	 	 	 	 	 	 	 	 	 	 	 	 	 	 	 	 	 	 	 	 	 	 	 	 	 	 	 	 	 	 	 	 
GP_BP	Positive Regulation Of Leukocyte Mediated Immunity	D3: Lymphocyte Immunity	-0.17381	 0.22717	4.00	-0.4010	Ductal	0.0030799512	**	0.53283156	ns	4.00	12	AP1G1	CYRIB	FBXO38	HLA-A	HLA-B	HLA-G	KLRD1	KMT5C	RASGRP1	SHLD1	STAP1	TRAF2	 	 	 	 	 	 	 	 	 	 	 	 	 	 	 	 	 	 	 	 	 	 	 	 	 	 	 	 	 	 	 	 	 	 	 	 	 	 	 	 	 	 	 	 	 	 	 	 	 	 	 	 	 	 	 	 	 	 	 	 	 	 	 	 	 	 	 	 	 	 	 	 	 	 	 	 	 	 	 	 	 	 	 	 	 	 	 	 	 	 	 	 	 	 	 	 	 	 	 	 	 	 	 	 	 	 	 	 	 	 	 	 	 	 	 	 	 	 	 	 	 	 	 	 	 	 	 	 	 	 	 	 	 	 	 	 	 	 	 	 	 	 	 	 	 	 	 	 	 	 	 	 	 	 	 	 	 	 	 	 	 	 	 	 	 	 	 	 	 	 	 	 	 	 	 	 	 	 	 	 	 	 	 
GP_BP	Positive Regulation Of Lymphocyte Mediated Immunity	D3: Lymphocyte Immunity	-0.20598	 0.23781	4.14	-0.4438	Ductal	0.0009105416	***	0.17664507	ns	4.14	11	AP1G1	CYRIB	FBXO38	HLA-A	HLA-B	HLA-G	KLRD1	KMT5C	RASGRP1	SHLD1	TRAF2	 	 	 	 	 	 	 	 	 	 	 	 	 	 	 	 	 	 	 	 	 	 	 	 	 	 	 	 	 	 	 	 	 	 	 	 	 	 	 	 	 	 	 	 	 	 	 	 	 	 	 	 	 	 	 	 	 	 	 	 	 	 	 	 	 	 	 	 	 	 	 	 	 	 	 	 	 	 	 	 	 	 	 	 	 	 	 	 	 	 	 	 	 	 	 	 	 	 	 	 	 	 	 	 	 	 	 	 	 	 	 	 	 	 	 	 	 	 	 	 	 	 	 	 	 	 	 	 	 	 	 	 	 	 	 	 	 	 	 	 	 	 	 	 	 	 	 	 	 	 	 	 	 	 	 	 	 	 	 	 	 	 	 	 	 	 	 	 	 	 	 	 	 	 	 	 	 	 	 	 	 	 	 	 
GP_BP	Positive Regulation Of Mitotic Cell Cycle Phase Transition	L1: Cell Cycle	 0.04597	-0.12645	1.76	 0.1724	Lobular	0.0471698275	*	1.00000000	ns	1.76	13	CCND2	CDC23	CPSF3	DTL	EGFR	HSPA2	HYAL1	PHOX2B	PLCB1	PLRG1	RDX	STOX1	UBE2C	 	 	 	 	 	 	 	 	 	 	 	 	 	 	 	 	 	 	 	 	 	 	 	 	 	 	 	 	 	 	 	 	 	 	 	 	 	 	 	 	 	 	 	 	 	 	 	 	 	 	 	 	 	 	 	 	 	 	 	 	 	 	 	 	 	 	 	 	 	 	 	 	 	 	 	 	 	 	 	 	 	 	 	 	 	 	 	 	 	 	 	 	 	 	 	 	 	 	 	 	 	 	 	 	 	 	 	 	 	 	 	 	 	 	 	 	 	 	 	 	 	 	 	 	 	 	 	 	 	 	 	 	 	 	 	 	 	 	 	 	 	 	 	 	 	 	 	 	 	 	 	 	 	 	 	 	 	 	 	 	 	 	 	 	 	 	 	 	 	 	 	 	 	 	 	 	 	 	 	 	 	 
GP_BP	Positive Regulation Of Natural Killer Cell Mediated Immunity	D3: Lymphocyte Immunity	-0.19683	 0.32938	2.18	-0.5262	Ductal	0.0192908470	*	1.00000000	ns	2.18	 4	AP1G1	HLA-G	KLRD1	RASGRP1	 	 	 	 	 	 	 	 	 	 	 	 	 	 	 	 	 	 	 	 	 	 	 	 	 	 	 	 	 	 	 	 	 	 	 	 	 	 	 	 	 	 	 	 	 	 	 	 	 	 	 	 	 	 	 	 	 	 	 	 	 	 	 	 	 	 	 	 	 	 	 	 	 	 	 	 	 	 	 	 	 	 	 	 	 	 	 	 	 	 	 	 	 	 	 	 	 	 	 	 	 	 	 	 	 	 	 	 	 	 	 	 	 	 	 	 	 	 	 	 	 	 	 	 	 	 	 	 	 	 	 	 	 	 	 	 	 	 	 	 	 	 	 	 	 	 	 	 	 	 	 	 	 	 	 	 	 	 	 	 	 	 	 	 	 	 	 	 	 	 	 	 	 	 	 	 	 	 	 	 	 	 	 	 	 	 	 	 	 	 	 
GP_BP	Positive Regulation Of Protein Maturation	D7: Protein Regulation	-0.17324	 0.44064	2.04	-0.6139	Ductal	0.0001385940	***	0.03464851	*	2.04	 8	ANXA2	CNTN2	GSN	HPN	LPCAT3	MYH9	RHBDD1	S100A10	 	 	 	 	 	 	 	 	 	 	 	 	 	 	 	 	 	 	 	 	 	 	 	 	 	 	 	 	 	 	 	 	 	 	 	 	 	 	 	 	 	 	 	 	 	 	 	 	 	 	 	 	 	 	 	 	 	 	 	 	 	 	 	 	 	 	 	 	 	 	 	 	 	 	 	 	 	 	 	 	 	 	 	 	 	 	 	 	 	 	 	 	 	 	 	 	 	 	 	 	 	 	 	 	 	 	 	 	 	 	 	 	 	 	 	 	 	 	 	 	 	 	 	 	 	 	 	 	 	 	 	 	 	 	 	 	 	 	 	 	 	 	 	 	 	 	 	 	 	 	 	 	 	 	 	 	 	 	 	 	 	 	 	 	 	 	 	 	 	 	 	 	 	 	 	 	 	 	 	 	 	 	 	 	 	 	 
GP_BP	Positive Regulation Of T Cell Mediated Immunity	D3: Lymphocyte Immunity	-0.30394	 0.32432	3.58	-0.6283	Ductal	0.0002688544	***	0.06264307	ns	3.58	 6	CYRIB	FBXO38	HLA-A	HLA-B	HLA-G	TRAF2	 	 	 	 	 	 	 	 	 	 	 	 	 	 	 	 	 	 	 	 	 	 	 	 	 	 	 	 	 	 	 	 	 	 	 	 	 	 	 	 	 	 	 	 	 	 	 	 	 	 	 	 	 	 	 	 	 	 	 	 	 	 	 	 	 	 	 	 	 	 	 	 	 	 	 	 	 	 	 	 	 	 	 	 	 	 	 	 	 	 	 	 	 	 	 	 	 	 	 	 	 	 	 	 	 	 	 	 	 	 	 	 	 	 	 	 	 	 	 	 	 	 	 	 	 	 	 	 	 	 	 	 	 	 	 	 	 	 	 	 	 	 	 	 	 	 	 	 	 	 	 	 	 	 	 	 	 	 	 	 	 	 	 	 	 	 	 	 	 	 	 	 	 	 	 	 	 	 	 	 	 	 	 	 	 	 	 	 	 
GP_BP	Proteoglycan Metabolic Process	L8: Proteoglycan Metabolism	 0.30267	-0.19712	4.90	 0.4998	Lobular	0.0000178890	****	0.00488370	**	4.90	11	CHST13	DSE	DSEL	HS3ST3B1	HS3ST5	HYAL1	HYAL4	NDST3	SPOCK3	SULF2	UST	 	 	 	 	 	 	 	 	 	 	 	 	 	 	 	 	 	 	 	 	 	 	 	 	 	 	 	 	 	 	 	 	 	 	 	 	 	 	 	 	 	 	 	 	 	 	 	 	 	 	 	 	 	 	 	 	 	 	 	 	 	 	 	 	 	 	 	 	 	 	 	 	 	 	 	 	 	 	 	 	 	 	 	 	 	 	 	 	 	 	 	 	 	 	 	 	 	 	 	 	 	 	 	 	 	 	 	 	 	 	 	 	 	 	 	 	 	 	 	 	 	 	 	 	 	 	 	 	 	 	 	 	 	 	 	 	 	 	 	 	 	 	 	 	 	 	 	 	 	 	 	 	 	 	 	 	 	 	 	 	 	 	 	 	 	 	 	 	 	 	 	 	 	 	 	 	 	 	 	 	 	 	 	 
GP_BP	Regulation Of B Cell Mediated Immunity	L3: B-Cell Immunity	 0.17861	-0.24543	3.20	 0.4240	Lobular	0.0099137771	**	1.00000000	ns	3.20	 5	BCL6	KMT5C	SHLD1	SUSD4	THOC1	 	 	 	 	 	 	 	 	 	 	 	 	 	 	 	 	 	 	 	 	 	 	 	 	 	 	 	 	 	 	 	 	 	 	 	 	 	 	 	 	 	 	 	 	 	 	 	 	 	 	 	 	 	 	 	 	 	 	 	 	 	 	 	 	 	 	 	 	 	 	 	 	 	 	 	 	 	 	 	 	 	 	 	 	 	 	 	 	 	 	 	 	 	 	 	 	 	 	 	 	 	 	 	 	 	 	 	 	 	 	 	 	 	 	 	 	 	 	 	 	 	 	 	 	 	 	 	 	 	 	 	 	 	 	 	 	 	 	 	 	 	 	 	 	 	 	 	 	 	 	 	 	 	 	 	 	 	 	 	 	 	 	 	 	 	 	 	 	 	 	 	 	 	 	 	 	 	 	 	 	 	 	 	 	 	 	 	 	 	 
GP_BP	Regulation Of Double Strand Break Repair	D1: DSB/HR	-0.19601	 0.24729	3.08	-0.4433	Ductal	0.0004054301	***	0.09041091	ns	3.08	12	EPC2	FANCB	KMT5C	PPP4R3B	RADX	RNF169	SHLD1	SPIDR	SPIRE2	TERF2IP	TEX15	WAS	 	 	 	 	 	 	 	 	 	 	 	 	 	 	 	 	 	 	 	 	 	 	 	 	 	 	 	 	 	 	 	 	 	 	 	 	 	 	 	 	 	 	 	 	 	 	 	 	 	 	 	 	 	 	 	 	 	 	 	 	 	 	 	 	 	 	 	 	 	 	 	 	 	 	 	 	 	 	 	 	 	 	 	 	 	 	 	 	 	 	 	 	 	 	 	 	 	 	 	 	 	 	 	 	 	 	 	 	 	 	 	 	 	 	 	 	 	 	 	 	 	 	 	 	 	 	 	 	 	 	 	 	 	 	 	 	 	 	 	 	 	 	 	 	 	 	 	 	 	 	 	 	 	 	 	 	 	 	 	 	 	 	 	 	 	 	 	 	 	 	 	 	 	 	 	 	 	 	 	 	 	 	 
GP_BP	Regulation Of Double Strand Break Repair Via Homologous Recombination	D1: DSB/HR	-0.22056	 0.26844	1.34	-0.4890	Ductal	0.0004903357	***	0.10607289	ns	1.34	 8	EPC2	FANCB	RADX	SHLD1	SPIDR	TERF2IP	TEX15	WAS	 	 	 	 	 	 	 	 	 	 	 	 	 	 	 	 	 	 	 	 	 	 	 	 	 	 	 	 	 	 	 	 	 	 	 	 	 	 	 	 	 	 	 	 	 	 	 	 	 	 	 	 	 	 	 	 	 	 	 	 	 	 	 	 	 	 	 	 	 	 	 	 	 	 	 	 	 	 	 	 	 	 	 	 	 	 	 	 	 	 	 	 	 	 	 	 	 	 	 	 	 	 	 	 	 	 	 	 	 	 	 	 	 	 	 	 	 	 	 	 	 	 	 	 	 	 	 	 	 	 	 	 	 	 	 	 	 	 	 	 	 	 	 	 	 	 	 	 	 	 	 	 	 	 	 	 	 	 	 	 	 	 	 	 	 	 	 	 	 	 	 	 	 	 	 	 	 	 	 	 	 	 	 	 	 	 	 
GP_BP	Regulation Of Gluconeogenesis	L6: Leptin Signaling/Glucose Metabolism	 0.14608	-0.15751	3.30	 0.3036	Lobular	0.0006710724	***	0.13555663	ns	3.30	 8	C1QTNF3	GCK	INS	LEPR	PPP4R3B	SIK1	SIRT1	SLC35B4	 	 	 	 	 	 	 	 	 	 	 	 	 	 	 	 	 	 	 	 	 	 	 	 	 	 	 	 	 	 	 	 	 	 	 	 	 	 	 	 	 	 	 	 	 	 	 	 	 	 	 	 	 	 	 	 	 	 	 	 	 	 	 	 	 	 	 	 	 	 	 	 	 	 	 	 	 	 	 	 	 	 	 	 	 	 	 	 	 	 	 	 	 	 	 	 	 	 	 	 	 	 	 	 	 	 	 	 	 	 	 	 	 	 	 	 	 	 	 	 	 	 	 	 	 	 	 	 	 	 	 	 	 	 	 	 	 	 	 	 	 	 	 	 	 	 	 	 	 	 	 	 	 	 	 	 	 	 	 	 	 	 	 	 	 	 	 	 	 	 	 	 	 	 	 	 	 	 	 	 	 	 	 	 	 	 	 
GP_BP	Regulation Of Glucose Metabolic Process	L6: Leptin Signaling/Glucose Metabolism	 0.14822	-0.12356	3.54	 0.2718	Lobular	0.0006534007	***	0.13460073	ns	3.54	19	BCKDK	C1QTNF3	ENPP1	GCK	GCKR	IGFBP4	INS	LEPR	NCOA2	PDK4	PPP1CB	PPP1R3C	PPP4R3B	SIK1	SIRT1	SLC35B4	TFF3	TIGAR	TP53	 	 	 	 	 	 	 	 	 	 	 	 	 	 	 	 	 	 	 	 	 	 	 	 	 	 	 	 	 	 	 	 	 	 	 	 	 	 	 	 	 	 	 	 	 	 	 	 	 	 	 	 	 	 	 	 	 	 	 	 	 	 	 	 	 	 	 	 	 	 	 	 	 	 	 	 	 	 	 	 	 	 	 	 	 	 	 	 	 	 	 	 	 	 	 	 	 	 	 	 	 	 	 	 	 	 	 	 	 	 	 	 	 	 	 	 	 	 	 	 	 	 	 	 	 	 	 	 	 	 	 	 	 	 	 	 	 	 	 	 	 	 	 	 	 	 	 	 	 	 	 	 	 	 	 	 	 	 	 	 	 	 	 	 	 	 	 	 	 	 	 	 	 	 	 	 
GP_BP	Regulation Of Leukocyte Mediated Immunity	D3: Lymphocyte Immunity	-0.07882	 0.12426	3.66	-0.2031	Ductal	0.0070367350	**	1.00000000	ns	3.66	26	AHR	AP1G1	BCL6	CD84	CYRIB	FBXO38	FES	FUT7	GFER	HLA-A	HLA-B	HLA-G	IL13	IL20RB	IL4I1	KLRD1	KMT5C	NCKAP1L	PDPK1	RASGRP1	SHLD1	STAP1	SUSD4	THOC1	TRAF2	WAS	 	 	 	 	 	 	 	 	 	 	 	 	 	 	 	 	 	 	 	 	 	 	 	 	 	 	 	 	 	 	 	 	 	 	 	 	 	 	 	 	 	 	 	 	 	 	 	 	 	 	 	 	 	 	 	 	 	 	 	 	 	 	 	 	 	 	 	 	 	 	 	 	 	 	 	 	 	 	 	 	 	 	 	 	 	 	 	 	 	 	 	 	 	 	 	 	 	 	 	 	 	 	 	 	 	 	 	 	 	 	 	 	 	 	 	 	 	 	 	 	 	 	 	 	 	 	 	 	 	 	 	 	 	 	 	 	 	 	 	 	 	 	 	 	 	 	 	 	 	 	 	 	 	 	 	 	 	 	 	 	 	 	 	 	 	 	 	 	 
GP_BP	Regulation Of Lymphocyte Mediated Immunity	D3: Lymphocyte Immunity	-0.13674	 0.18308	3.40	-0.3198	Ductal	0.0002932917	***	0.06775039	ns	3.40	21	AHR	AP1G1	BCL6	CYRIB	FBXO38	FUT7	GFER	HLA-A	HLA-B	HLA-G	IL20RB	IL4I1	KLRD1	KMT5C	NCKAP1L	RASGRP1	SHLD1	SUSD4	THOC1	TRAF2	WAS	 	 	 	 	 	 	 	 	 	 	 	 	 	 	 	 	 	 	 	 	 	 	 	 	 	 	 	 	 	 	 	 	 	 	 	 	 	 	 	 	 	 	 	 	 	 	 	 	 	 	 	 	 	 	 	 	 	 	 	 	 	 	 	 	 	 	 	 	 	 	 	 	 	 	 	 	 	 	 	 	 	 	 	 	 	 	 	 	 	 	 	 	 	 	 	 	 	 	 	 	 	 	 	 	 	 	 	 	 	 	 	 	 	 	 	 	 	 	 	 	 	 	 	 	 	 	 	 	 	 	 	 	 	 	 	 	 	 	 	 	 	 	 	 	 	 	 	 	 	 	 	 	 	 	 	 	 	 	 	 	 	 	 	 	 	 	 	 	 	 	 	 	 	 
GP_BP	Regulation Of Mitotic Cell Cycle Phase Transition	L1: Cell Cycle	 0.06376	-0.12074	3.08	 0.1845	Lobular	0.0020549962	**	0.37195430	ns	3.08	34	CCL2	CCND2	CDC23	CDC26	CDKN1A	CDKN2B	CDKN2C	CPSF3	DTL	E2F7	EGFR	EZH2	GIGYF2	HSPA2	HYAL1	INO80	KLF4	KLHL22	NDC80	ORC1	PHOX2B	PLCB1	PLRG1	RBL2	RDX	STOX1	TICRR	TOPBP1	TP53	TREX1	TTK	UBE2C	VPS4A	ZNF830	 	 	 	 	 	 	 	 	 	 	 	 	 	 	 	 	 	 	 	 	 	 	 	 	 	 	 	 	 	 	 	 	 	 	 	 	 	 	 	 	 	 	 	 	 	 	 	 	 	 	 	 	 	 	 	 	 	 	 	 	 	 	 	 	 	 	 	 	 	 	 	 	 	 	 	 	 	 	 	 	 	 	 	 	 	 	 	 	 	 	 	 	 	 	 	 	 	 	 	 	 	 	 	 	 	 	 	 	 	 	 	 	 	 	 	 	 	 	 	 	 	 	 	 	 	 	 	 	 	 	 	 	 	 	 	 	 	 	 	 	 	 	 	 	 	 	 	 	 	 	 	 	 	 	 	 	 	 	 	 	 
GP_BP	Regulation Of Mitotic Sister Chromatid Segregation	L1: Cell Cycle	 0.24347	-0.33523	0.84	 0.5787	Lobular	0.0052701333	**	0.83335701	ns	0.84	 3	KLHL22	NDC80	TTK	 	 	 	 	 	 	 	 	 	 	 	 	 	 	 	 	 	 	 	 	 	 	 	 	 	 	 	 	 	 	 	 	 	 	 	 	 	 	 	 	 	 	 	 	 	 	 	 	 	 	 	 	 	 	 	 	 	 	 	 	 	 	 	 	 	 	 	 	 	 	 	 	 	 	 	 	 	 	 	 	 	 	 	 	 	 	 	 	 	 	 	 	 	 	 	 	 	 	 	 	 	 	 	 	 	 	 	 	 	 	 	 	 	 	 	 	 	 	 	 	 	 	 	 	 	 	 	 	 	 	 	 	 	 	 	 	 	 	 	 	 	 	 	 	 	 	 	 	 	 	 	 	 	 	 	 	 	 	 	 	 	 	 	 	 	 	 	 	 	 	 	 	 	 	 	 	 	 	 	 	 	 	 	 	 	 	 	 	 	 	 	 
GP_BP	Regulation Of Natural Killer Cell Mediated Immunity	D3: Lymphocyte Immunity	-0.21613	 0.28942	2.36	-0.5056	Ductal	0.0018208120	**	0.33138778	ns	2.36	 7	AP1G1	GFER	HLA-A	HLA-B	HLA-G	KLRD1	RASGRP1	 	 	 	 	 	 	 	 	 	 	 	 	 	 	 	 	 	 	 	 	 	 	 	 	 	 	 	 	 	 	 	 	 	 	 	 	 	 	 	 	 	 	 	 	 	 	 	 	 	 	 	 	 	 	 	 	 	 	 	 	 	 	 	 	 	 	 	 	 	 	 	 	 	 	 	 	 	 	 	 	 	 	 	 	 	 	 	 	 	 	 	 	 	 	 	 	 	 	 	 	 	 	 	 	 	 	 	 	 	 	 	 	 	 	 	 	 	 	 	 	 	 	 	 	 	 	 	 	 	 	 	 	 	 	 	 	 	 	 	 	 	 	 	 	 	 	 	 	 	 	 	 	 	 	 	 	 	 	 	 	 	 	 	 	 	 	 	 	 	 	 	 	 	 	 	 	 	 	 	 	 	 	 	 	 	 	 	 
GP_BP	Regulation Of Oxidative Stress Induced Cell Death	D4: Oxidative Stress	-0.23387	 0.32630	3.86	-0.5602	Ductal	0.0000023888	****	0.00067841	***	3.86	11	FOXO3	GFER	HIF1A	HSPB1	INS	NOL3	P4HB	PDE8A	PYCR1	REST	SIRT1	 	 	 	 	 	 	 	 	 	 	 	 	 	 	 	 	 	 	 	 	 	 	 	 	 	 	 	 	 	 	 	 	 	 	 	 	 	 	 	 	 	 	 	 	 	 	 	 	 	 	 	 	 	 	 	 	 	 	 	 	 	 	 	 	 	 	 	 	 	 	 	 	 	 	 	 	 	 	 	 	 	 	 	 	 	 	 	 	 	 	 	 	 	 	 	 	 	 	 	 	 	 	 	 	 	 	 	 	 	 	 	 	 	 	 	 	 	 	 	 	 	 	 	 	 	 	 	 	 	 	 	 	 	 	 	 	 	 	 	 	 	 	 	 	 	 	 	 	 	 	 	 	 	 	 	 	 	 	 	 	 	 	 	 	 	 	 	 	 	 	 	 	 	 	 	 	 	 	 	 	 	 	 	 
GP_BP	Regulation Of Oxidative Stress Induced Intrinsic Apoptotic Signaling Pathway	D4: Oxidative Stress	-0.08365	 0.33811	1.48	-0.4218	Ductal	0.0001721084	***	0.04233866	*	1.48	 6	HIF1A	HSPB1	INS	NOL3	P4HB	SIRT1	 	 	 	 	 	 	 	 	 	 	 	 	 	 	 	 	 	 	 	 	 	 	 	 	 	 	 	 	 	 	 	 	 	 	 	 	 	 	 	 	 	 	 	 	 	 	 	 	 	 	 	 	 	 	 	 	 	 	 	 	 	 	 	 	 	 	 	 	 	 	 	 	 	 	 	 	 	 	 	 	 	 	 	 	 	 	 	 	 	 	 	 	 	 	 	 	 	 	 	 	 	 	 	 	 	 	 	 	 	 	 	 	 	 	 	 	 	 	 	 	 	 	 	 	 	 	 	 	 	 	 	 	 	 	 	 	 	 	 	 	 	 	 	 	 	 	 	 	 	 	 	 	 	 	 	 	 	 	 	 	 	 	 	 	 	 	 	 	 	 	 	 	 	 	 	 	 	 	 	 	 	 	 	 	 	 	 	 	 
GP_BP	Regulation Of Protein Maturation	D7: Protein Regulation	-0.18511	 0.44514	4.04	-0.6302	Ductal	0.0000001534	****	0.00004465	****	4.04	13	ANXA2	CARD16	CARD18	CNTN2	GSN	HPN	IL1R2	LPCAT3	MYH9	NOL3	RHBDD1	S100A10	XIAP	 	 	 	 	 	 	 	 	 	 	 	 	 	 	 	 	 	 	 	 	 	 	 	 	 	 	 	 	 	 	 	 	 	 	 	 	 	 	 	 	 	 	 	 	 	 	 	 	 	 	 	 	 	 	 	 	 	 	 	 	 	 	 	 	 	 	 	 	 	 	 	 	 	 	 	 	 	 	 	 	 	 	 	 	 	 	 	 	 	 	 	 	 	 	 	 	 	 	 	 	 	 	 	 	 	 	 	 	 	 	 	 	 	 	 	 	 	 	 	 	 	 	 	 	 	 	 	 	 	 	 	 	 	 	 	 	 	 	 	 	 	 	 	 	 	 	 	 	 	 	 	 	 	 	 	 	 	 	 	 	 	 	 	 	 	 	 	 	 	 	 	 	 	 	 	 	 	 	 	 	 	 
GP_BP	Regulation Of Response To Oxidative Stress	D4: Oxidative Stress	-0.22846	 0.33623	2.56	-0.5647	Ductal	0.0000010315	****	0.00029502	***	2.56	15	FOXO3	FUT8	GCH1	GFER	HIF1A	HSPB1	INS	MAPKAP1	NOL3	P4HB	PDE8A	PYCR1	REST	SIRT1	STOX1	 	 	 	 	 	 	 	 	 	 	 	 	 	 	 	 	 	 	 	 	 	 	 	 	 	 	 	 	 	 	 	 	 	 	 	 	 	 	 	 	 	 	 	 	 	 	 	 	 	 	 	 	 	 	 	 	 	 	 	 	 	 	 	 	 	 	 	 	 	 	 	 	 	 	 	 	 	 	 	 	 	 	 	 	 	 	 	 	 	 	 	 	 	 	 	 	 	 	 	 	 	 	 	 	 	 	 	 	 	 	 	 	 	 	 	 	 	 	 	 	 	 	 	 	 	 	 	 	 	 	 	 	 	 	 	 	 	 	 	 	 	 	 	 	 	 	 	 	 	 	 	 	 	 	 	 	 	 	 	 	 	 	 	 	 	 	 	 	 	 	 	 	 	 	 	 	 	 	 	 
GP_BP	Regulation Of T Cell Mediated Immunity	D3: Lymphocyte Immunity	-0.21763	 0.35185	3.86	-0.5695	Ductal	0.0000006107	****	0.00017589	***	3.86	13	AHR	CYRIB	FBXO38	FUT7	HLA-A	HLA-B	HLA-G	IL20RB	IL4I1	KLRD1	NCKAP1L	TRAF2	WAS	 	 	 	 	 	 	 	 	 	 	 	 	 	 	 	 	 	 	 	 	 	 	 	 	 	 	 	 	 	 	 	 	 	 	 	 	 	 	 	 	 	 	 	 	 	 	 	 	 	 	 	 	 	 	 	 	 	 	 	 	 	 	 	 	 	 	 	 	 	 	 	 	 	 	 	 	 	 	 	 	 	 	 	 	 	 	 	 	 	 	 	 	 	 	 	 	 	 	 	 	 	 	 	 	 	 	 	 	 	 	 	 	 	 	 	 	 	 	 	 	 	 	 	 	 	 	 	 	 	 	 	 	 	 	 	 	 	 	 	 	 	 	 	 	 	 	 	 	 	 	 	 	 	 	 	 	 	 	 	 	 	 	 	 	 	 	 	 	 	 	 	 	 	 	 	 	 	 	 	 	 	 
GP_BP	Replicative Senescence	L2: TP53 & Senescence	 0.33114	-0.36083	0.86	 0.6920	Lobular	0.0038589576	**	0.63672801	ns	0.86	 3	CDKN1A	TP53	WRN	 	 	 	 	 	 	 	 	 	 	 	 	 	 	 	 	 	 	 	 	 	 	 	 	 	 	 	 	 	 	 	 	 	 	 	 	 	 	 	 	 	 	 	 	 	 	 	 	 	 	 	 	 	 	 	 	 	 	 	 	 	 	 	 	 	 	 	 	 	 	 	 	 	 	 	 	 	 	 	 	 	 	 	 	 	 	 	 	 	 	 	 	 	 	 	 	 	 	 	 	 	 	 	 	 	 	 	 	 	 	 	 	 	 	 	 	 	 	 	 	 	 	 	 	 	 	 	 	 	 	 	 	 	 	 	 	 	 	 	 	 	 	 	 	 	 	 	 	 	 	 	 	 	 	 	 	 	 	 	 	 	 	 	 	 	 	 	 	 	 	 	 	 	 	 	 	 	 	 	 	 	 	 	 	 	 	 	 	 	 	 	 
GP_BP	Response To Leptin	L6: Leptin Signaling/Glucose Metabolism	 0.22115	-0.28827	3.96	 0.5094	Lobular	0.0002558910	***	0.06166972	ns	3.96	 5	GCK	LEPR	MT3	SIRT1	STAT3	 	 	 	 	 	 	 	 	 	 	 	 	 	 	 	 	 	 	 	 	 	 	 	 	 	 	 	 	 	 	 	 	 	 	 	 	 	 	 	 	 	 	 	 	 	 	 	 	 	 	 	 	 	 	 	 	 	 	 	 	 	 	 	 	 	 	 	 	 	 	 	 	 	 	 	 	 	 	 	 	 	 	 	 	 	 	 	 	 	 	 	 	 	 	 	 	 	 	 	 	 	 	 	 	 	 	 	 	 	 	 	 	 	 	 	 	 	 	 	 	 	 	 	 	 	 	 	 	 	 	 	 	 	 	 	 	 	 	 	 	 	 	 	 	 	 	 	 	 	 	 	 	 	 	 	 	 	 	 	 	 	 	 	 	 	 	 	 	 	 	 	 	 	 	 	 	 	 	 	 	 	 	 	 	 	 	 	 	 	 
GP_BP	Stress Induced Premature Senescence	L2: TP53 & Senescence	 0.28882	-0.44337	0.36	 0.7322	Lobular	0.0037612132	**	0.62812261	ns	0.36	 3	CDKN1A	SIRT1	TP53	 	 	 	 	 	 	 	 	 	 	 	 	 	 	 	 	 	 	 	 	 	 	 	 	 	 	 	 	 	 	 	 	 	 	 	 	 	 	 	 	 	 	 	 	 	 	 	 	 	 	 	 	 	 	 	 	 	 	 	 	 	 	 	 	 	 	 	 	 	 	 	 	 	 	 	 	 	 	 	 	 	 	 	 	 	 	 	 	 	 	 	 	 	 	 	 	 	 	 	 	 	 	 	 	 	 	 	 	 	 	 	 	 	 	 	 	 	 	 	 	 	 	 	 	 	 	 	 	 	 	 	 	 	 	 	 	 	 	 	 	 	 	 	 	 	 	 	 	 	 	 	 	 	 	 	 	 	 	 	 	 	 	 	 	 	 	 	 	 	 	 	 	 	 	 	 	 	 	 	 	 	 	 	 	 	 	 	 	 	 	 	 
GP_CC	Basement Membrane Collagen Trimer	L5: Collagen & ECM	 0.35788	-0.47822	0.16	 0.8361	Lobular	0.0000666428	****	0.01732712	*	0.16	 3	COL4A1	COL4A4	COL4A5	 	 	 	 	 	 	 	 	 	 	 	 	 	 	 	 	 	 	 	 	 	 	 	 	 	 	 	 	 	 	 	 	 	 	 	 	 	 	 	 	 	 	 	 	 	 	 	 	 	 	 	 	 	 	 	 	 	 	 	 	 	 	 	 	 	 	 	 	 	 	 	 	 	 	 	 	 	 	 	 	 	 	 	 	 	 	 	 	 	 	 	 	 	 	 	 	 	 	 	 	 	 	 	 	 	 	 	 	 	 	 	 	 	 	 	 	 	 	 	 	 	 	 	 	 	 	 	 	 	 	 	 	 	 	 	 	 	 	 	 	 	 	 	 	 	 	 	 	 	 	 	 	 	 	 	 	 	 	 	 	 	 	 	 	 	 	 	 	 	 	 	 	 	 	 	 	 	 	 	 	 	 	 	 	 	 	 	 	 	 	 	 
GP_CC	Collagen Type Iv Trimer	L5: Collagen & ECM	 0.35788	-0.47822	0.20	 0.8361	Lobular	0.0000666428	****	0.01732712	*	0.20	 3	COL4A1	COL4A4	COL4A5	 	 	 	 	 	 	 	 	 	 	 	 	 	 	 	 	 	 	 	 	 	 	 	 	 	 	 	 	 	 	 	 	 	 	 	 	 	 	 	 	 	 	 	 	 	 	 	 	 	 	 	 	 	 	 	 	 	 	 	 	 	 	 	 	 	 	 	 	 	 	 	 	 	 	 	 	 	 	 	 	 	 	 	 	 	 	 	 	 	 	 	 	 	 	 	 	 	 	 	 	 	 	 	 	 	 	 	 	 	 	 	 	 	 	 	 	 	 	 	 	 	 	 	 	 	 	 	 	 	 	 	 	 	 	 	 	 	 	 	 	 	 	 	 	 	 	 	 	 	 	 	 	 	 	 	 	 	 	 	 	 	 	 	 	 	 	 	 	 	 	 	 	 	 	 	 	 	 	 	 	 	 	 	 	 	 	 	 	 	 	 	 
GP_CC	Complex Of Collagen Trimers	L5: Collagen & ECM	 0.33861	-0.47756	2.12	 0.8162	Lobular	0.0000312972	****	0.00835635	**	2.12	 4	COL27A1	COL4A1	COL4A4	COL4A5	 	 	 	 	 	 	 	 	 	 	 	 	 	 	 	 	 	 	 	 	 	 	 	 	 	 	 	 	 	 	 	 	 	 	 	 	 	 	 	 	 	 	 	 	 	 	 	 	 	 	 	 	 	 	 	 	 	 	 	 	 	 	 	 	 	 	 	 	 	 	 	 	 	 	 	 	 	 	 	 	 	 	 	 	 	 	 	 	 	 	 	 	 	 	 	 	 	 	 	 	 	 	 	 	 	 	 	 	 	 	 	 	 	 	 	 	 	 	 	 	 	 	 	 	 	 	 	 	 	 	 	 	 	 	 	 	 	 	 	 	 	 	 	 	 	 	 	 	 	 	 	 	 	 	 	 	 	 	 	 	 	 	 	 	 	 	 	 	 	 	 	 	 	 	 	 	 	 	 	 	 	 	 	 	 	 	 	 	 	 	 
GP_CC	Iga Immunoglobulin Complex	L4: Immunoglobulin	 0.23334	-0.65561	0.00	 0.8890	Lobular	0.0001268577	***	0.03184128	*	0.00	 3	IGHA1	JCHAIN	PIGR	 	 	 	 	 	 	 	 	 	 	 	 	 	 	 	 	 	 	 	 	 	 	 	 	 	 	 	 	 	 	 	 	 	 	 	 	 	 	 	 	 	 	 	 	 	 	 	 	 	 	 	 	 	 	 	 	 	 	 	 	 	 	 	 	 	 	 	 	 	 	 	 	 	 	 	 	 	 	 	 	 	 	 	 	 	 	 	 	 	 	 	 	 	 	 	 	 	 	 	 	 	 	 	 	 	 	 	 	 	 	 	 	 	 	 	 	 	 	 	 	 	 	 	 	 	 	 	 	 	 	 	 	 	 	 	 	 	 	 	 	 	 	 	 	 	 	 	 	 	 	 	 	 	 	 	 	 	 	 	 	 	 	 	 	 	 	 	 	 	 	 	 	 	 	 	 	 	 	 	 	 	 	 	 	 	 	 	 	 	 	 	 
GP_CC	Immunoglobulin Complex	L4: Immunoglobulin	 0.31042	-0.61072	3.44	 0.9211	Lobular	0.0000380569	****	0.01012313	*	3.44	 6	IGHA1	IGHG1	IGKC	IGLL5	JCHAIN	PIGR	 	 	 	 	 	 	 	 	 	 	 	 	 	 	 	 	 	 	 	 	 	 	 	 	 	 	 	 	 	 	 	 	 	 	 	 	 	 	 	 	 	 	 	 	 	 	 	 	 	 	 	 	 	 	 	 	 	 	 	 	 	 	 	 	 	 	 	 	 	 	 	 	 	 	 	 	 	 	 	 	 	 	 	 	 	 	 	 	 	 	 	 	 	 	 	 	 	 	 	 	 	 	 	 	 	 	 	 	 	 	 	 	 	 	 	 	 	 	 	 	 	 	 	 	 	 	 	 	 	 	 	 	 	 	 	 	 	 	 	 	 	 	 	 	 	 	 	 	 	 	 	 	 	 	 	 	 	 	 	 	 	 	 	 	 	 	 	 	 	 	 	 	 	 	 	 	 	 	 	 	 	 	 	 	 	 	 	 	 
GP_CC	Immunoglobulin Complex Circulating	L4: Immunoglobulin	 0.31042	-0.61072	1.72	 0.9211	Lobular	0.0000380569	****	0.01012313	*	1.72	 6	IGHA1	IGHG1	IGKC	IGLL5	JCHAIN	PIGR	 	 	 	 	 	 	 	 	 	 	 	 	 	 	 	 	 	 	 	 	 	 	 	 	 	 	 	 	 	 	 	 	 	 	 	 	 	 	 	 	 	 	 	 	 	 	 	 	 	 	 	 	 	 	 	 	 	 	 	 	 	 	 	 	 	 	 	 	 	 	 	 	 	 	 	 	 	 	 	 	 	 	 	 	 	 	 	 	 	 	 	 	 	 	 	 	 	 	 	 	 	 	 	 	 	 	 	 	 	 	 	 	 	 	 	 	 	 	 	 	 	 	 	 	 	 	 	 	 	 	 	 	 	 	 	 	 	 	 	 	 	 	 	 	 	 	 	 	 	 	 	 	 	 	 	 	 	 	 	 	 	 	 	 	 	 	 	 	 	 	 	 	 	 	 	 	 	 	 	 	 	 	 	 	 	 	 	 	 
GP_CC	Mhc Class I Protein Complex	D3: Lymphocyte Immunity	-0.31225	 0.40121	1.24	-0.7135	Ductal	0.0002562888	***	0.06166972	ns	1.24	 3	HLA-A	HLA-B	HLA-G	 	 	 	 	 	 	 	 	 	 	 	 	 	 	 	 	 	 	 	 	 	 	 	 	 	 	 	 	 	 	 	 	 	 	 	 	 	 	 	 	 	 	 	 	 	 	 	 	 	 	 	 	 	 	 	 	 	 	 	 	 	 	 	 	 	 	 	 	 	 	 	 	 	 	 	 	 	 	 	 	 	 	 	 	 	 	 	 	 	 	 	 	 	 	 	 	 	 	 	 	 	 	 	 	 	 	 	 	 	 	 	 	 	 	 	 	 	 	 	 	 	 	 	 	 	 	 	 	 	 	 	 	 	 	 	 	 	 	 	 	 	 	 	 	 	 	 	 	 	 	 	 	 	 	 	 	 	 	 	 	 	 	 	 	 	 	 	 	 	 	 	 	 	 	 	 	 	 	 	 	 	 	 	 	 	 	 	 	 	 	 	 
GP_CC	Network Forming Collagen Trimer	L5: Collagen & ECM	 0.35788	-0.47822	0.14	 0.8361	Lobular	0.0000666428	****	0.01732712	*	0.14	 3	COL4A1	COL4A4	COL4A5	 	 	 	 	 	 	 	 	 	 	 	 	 	 	 	 	 	 	 	 	 	 	 	 	 	 	 	 	 	 	 	 	 	 	 	 	 	 	 	 	 	 	 	 	 	 	 	 	 	 	 	 	 	 	 	 	 	 	 	 	 	 	 	 	 	 	 	 	 	 	 	 	 	 	 	 	 	 	 	 	 	 	 	 	 	 	 	 	 	 	 	 	 	 	 	 	 	 	 	 	 	 	 	 	 	 	 	 	 	 	 	 	 	 	 	 	 	 	 	 	 	 	 	 	 	 	 	 	 	 	 	 	 	 	 	 	 	 	 	 	 	 	 	 	 	 	 	 	 	 	 	 	 	 	 	 	 	 	 	 	 	 	 	 	 	 	 	 	 	 	 	 	 	 	 	 	 	 	 	 	 	 	 	 	 	 	 	 	 	 	 	 
GP_MF	Acetyltransferase Activity	D6: Acetyltransferase	-0.27546	 0.29418	2.00	-0.5696	Ductal	0.0003044872	***	0.06972758	ns	2.00	 7	BRCA2	CLOCK	DLAT	FASN	KAT6A	PAFAH2	SRCAP	 	 	 	 	 	 	 	 	 	 	 	 	 	 	 	 	 	 	 	 	 	 	 	 	 	 	 	 	 	 	 	 	 	 	 	 	 	 	 	 	 	 	 	 	 	 	 	 	 	 	 	 	 	 	 	 	 	 	 	 	 	 	 	 	 	 	 	 	 	 	 	 	 	 	 	 	 	 	 	 	 	 	 	 	 	 	 	 	 	 	 	 	 	 	 	 	 	 	 	 	 	 	 	 	 	 	 	 	 	 	 	 	 	 	 	 	 	 	 	 	 	 	 	 	 	 	 	 	 	 	 	 	 	 	 	 	 	 	 	 	 	 	 	 	 	 	 	 	 	 	 	 	 	 	 	 	 	 	 	 	 	 	 	 	 	 	 	 	 	 	 	 	 	 	 	 	 	 	 	 	 	 	 	 	 	 	 	 
GP_MF	Extracellular Matrix Structural Constituent Conferring Tensile Strength	L5: Collagen & ECM	 0.35463	-0.42874	2.82	 0.7834	Lobular	0.0000252482	****	0.00681703	**	2.82	 6	COL13A1	COL27A1	COL4A1	COL4A4	COL4A5	COL9A2	 	 	 	 	 	 	 	 	 	 	 	 	 	 	 	 	 	 	 	 	 	 	 	 	 	 	 	 	 	 	 	 	 	 	 	 	 	 	 	 	 	 	 	 	 	 	 	 	 	 	 	 	 	 	 	 	 	 	 	 	 	 	 	 	 	 	 	 	 	 	 	 	 	 	 	 	 	 	 	 	 	 	 	 	 	 	 	 	 	 	 	 	 	 	 	 	 	 	 	 	 	 	 	 	 	 	 	 	 	 	 	 	 	 	 	 	 	 	 	 	 	 	 	 	 	 	 	 	 	 	 	 	 	 	 	 	 	 	 	 	 	 	 	 	 	 	 	 	 	 	 	 	 	 	 	 	 	 	 	 	 	 	 	 	 	 	 	 	 	 	 	 	 	 	 	 	 	 	 	 	 	 	 	 	 	 	 	 	 
GP_MF	Immunoglobulin Receptor Binding	L4: Immunoglobulin	 0.36717	-0.65913	3.16	 1.0263	Lobular	0.0000016255	****	0.00046328	***	3.16	 6	FES	IGHA1	IGHG1	IGKC	IGLL5	JCHAIN	 	 	 	 	 	 	 	 	 	 	 	 	 	 	 	 	 	 	 	 	 	 	 	 	 	 	 	 	 	 	 	 	 	 	 	 	 	 	 	 	 	 	 	 	 	 	 	 	 	 	 	 	 	 	 	 	 	 	 	 	 	 	 	 	 	 	 	 	 	 	 	 	 	 	 	 	 	 	 	 	 	 	 	 	 	 	 	 	 	 	 	 	 	 	 	 	 	 	 	 	 	 	 	 	 	 	 	 	 	 	 	 	 	 	 	 	 	 	 	 	 	 	 	 	 	 	 	 	 	 	 	 	 	 	 	 	 	 	 	 	 	 	 	 	 	 	 	 	 	 	 	 	 	 	 	 	 	 	 	 	 	 	 	 	 	 	 	 	 	 	 	 	 	 	 	 	 	 	 	 	 	 	 	 	 	 	 	 	 
GP_MF	N Acetyltransferase Activity	D6: Acetyltransferase	-0.34416	 0.41201	1.94	-0.7562	Ductal	0.0000058135	****	0.00164521	**	1.94	 4	BRCA2	CLOCK	KAT6A	SRCAP	 	 	 	 	 	 	 	 	 	 	 	 	 	 	 	 	 	 	 	 	 	 	 	 	 	 	 	 	 	 	 	 	 	 	 	 	 	 	 	 	 	 	 	 	 	 	 	 	 	 	 	 	 	 	 	 	 	 	 	 	 	 	 	 	 	 	 	 	 	 	 	 	 	 	 	 	 	 	 	 	 	 	 	 	 	 	 	 	 	 	 	 	 	 	 	 	 	 	 	 	 	 	 	 	 	 	 	 	 	 	 	 	 	 	 	 	 	 	 	 	 	 	 	 	 	 	 	 	 	 	 	 	 	 	 	 	 	 	 	 	 	 	 	 	 	 	 	 	 	 	 	 	 	 	 	 	 	 	 	 	 	 	 	 	 	 	 	 	 	 	 	 	 	 	 	 	 	 	 	 	 	 	 	 	 	 	 	 	 	 	 
GP_MF	Peptide Lysine N Acetyltransferase Activity	D6: Acetyltransferase	-0.34416	 0.41201	2.80	-0.7562	Ductal	0.0000058135	****	0.00164521	**	2.80	 4	BRCA2	CLOCK	KAT6A	SRCAP	 	 	 	 	 	 	 	 	 	 	 	 	 	 	 	 	 	 	 	 	 	 	 	 	 	 	 	 	 	 	 	 	 	 	 	 	 	 	 	 	 	 	 	 	 	 	 	 	 	 	 	 	 	 	 	 	 	 	 	 	 	 	 	 	 	 	 	 	 	 	 	 	 	 	 	 	 	 	 	 	 	 	 	 	 	 	 	 	 	 	 	 	 	 	 	 	 	 	 	 	 	 	 	 	 	 	 	 	 	 	 	 	 	 	 	 	 	 	 	 	 	 	 	 	 	 	 	 	 	 	 	 	 	 	 	 	 	 	 	 	 	 	 	 	 	 	 	 	 	 	 	 	 	 	 	 	 	 	 	 	 	 	 	 	 	 	 	 	 	 	 	 	 	 	 	 	 	 	 	 	 	 	 	 	 	 	 	 	 	 	 
GP_MF	Peptide N Acetyltransferase Activity	D6: Acetyltransferase	-0.34416	 0.41201	2.60	-0.7562	Ductal	0.0000058135	****	0.00164521	**	2.60	 4	BRCA2	CLOCK	KAT6A	SRCAP	 	 	 	 	 	 	 	 	 	 	 	 	 	 	 	 	 	 	 	 	 	 	 	 	 	 	 	 	 	 	 	 	 	 	 	 	 	 	 	 	 	 	 	 	 	 	 	 	 	 	 	 	 	 	 	 	 	 	 	 	 	 	 	 	 	 	 	 	 	 	 	 	 	 	 	 	 	 	 	 	 	 	 	 	 	 	 	 	 	 	 	 	 	 	 	 	 	 	 	 	 	 	 	 	 	 	 	 	 	 	 	 	 	 	 	 	 	 	 	 	 	 	 	 	 	 	 	 	 	 	 	 	 	 	 	 	 	 	 	 	 	 	 	 	 	 	 	 	 	 	 	 	 	 	 	 	 	 	 	 	 	 	 	 	 	 	 	 	 	 	 	 	 	 	 	 	 	 	 	 	 	 	 	 	 	 	 	 	 	 	 
GP_MF	Phosphatidylinositol 4 5 Bisphosphate Binding	D8: Phosphatidylinositol	-0.14294	 0.23432	1.12	-0.3773	Ductal	0.0007041547	***	0.14083095	ns	1.12	15	ALOX15	ANXA2	GRAMD2A	GSN	KCNQ1	MAPKAP1	PLA2G4E	PLCB1	SDCBP	SYT5	SYT7	SYT9	TIRAP	TTPA	VILL	 	 	 	 	 	 	 	 	 	 	 	 	 	 	 	 	 	 	 	 	 	 	 	 	 	 	 	 	 	 	 	 	 	 	 	 	 	 	 	 	 	 	 	 	 	 	 	 	 	 	 	 	 	 	 	 	 	 	 	 	 	 	 	 	 	 	 	 	 	 	 	 	 	 	 	 	 	 	 	 	 	 	 	 	 	 	 	 	 	 	 	 	 	 	 	 	 	 	 	 	 	 	 	 	 	 	 	 	 	 	 	 	 	 	 	 	 	 	 	 	 	 	 	 	 	 	 	 	 	 	 	 	 	 	 	 	 	 	 	 	 	 	 	 	 	 	 	 	 	 	 	 	 	 	 	 	 	 	 	 	 	 	 	 	 	 	 	 	 	 	 	 	 	 	 	 	 	 	 	 
GP_MF	Phosphatidylinositol Binding	D8: Phosphatidylinositol	-0.09287	 0.10119	1.64	-0.1941	Ductal	0.0006778641	***	0.13625069	ns	1.64	39	ADAP1	ALOX15	ANXA2	ARFIP1	DAPP1	DENND1C	FCHSD2	FES	GRAMD2A	GRB7	GSN	HS1BP3	ITPR1	KCNQ1	KIF16B	LAPTM4B	MAPKAP1	MAPT	PHLDA1	PIGU	PLA2G4E	PLCB1	PLEKHN1	SAP30L	SCARB1	SDCBP	SNX22	SNX3	SYT5	SYT7	SYT9	TIRAP	TOM1L1	TTPA	VILL	WDR45	WIPI2	ZCCHC14	ZFYVE28	 	 	 	 	 	 	 	 	 	 	 	 	 	 	 	 	 	 	 	 	 	 	 	 	 	 	 	 	 	 	 	 	 	 	 	 	 	 	 	 	 	 	 	 	 	 	 	 	 	 	 	 	 	 	 	 	 	 	 	 	 	 	 	 	 	 	 	 	 	 	 	 	 	 	 	 	 	 	 	 	 	 	 	 	 	 	 	 	 	 	 	 	 	 	 	 	 	 	 	 	 	 	 	 	 	 	 	 	 	 	 	 	 	 	 	 	 	 	 	 	 	 	 	 	 	 	 	 	 	 	 	 	 	 	 	 	 	 	 	 	 	 	 	 	 	 	 	 	 	 	 	 	 	 	 	 
GP_MF	Phosphatidylinositol Bisphosphate Binding	D8: Phosphatidylinositol	-0.15788	 0.21689	0.80	-0.3748	Ductal	0.0000070456	****	0.00196573	**	0.80	22	ADAP1	ALOX15	ANXA2	GRAMD2A	GSN	KCNQ1	KIF16B	LAPTM4B	MAPKAP1	MAPT	PLA2G4E	PLCB1	SDCBP	SNX3	SYT5	SYT7	SYT9	TIRAP	TTPA	VILL	WDR45	WIPI2	 	 	 	 	 	 	 	 	 	 	 	 	 	 	 	 	 	 	 	 	 	 	 	 	 	 	 	 	 	 	 	 	 	 	 	 	 	 	 	 	 	 	 	 	 	 	 	 	 	 	 	 	 	 	 	 	 	 	 	 	 	 	 	 	 	 	 	 	 	 	 	 	 	 	 	 	 	 	 	 	 	 	 	 	 	 	 	 	 	 	 	 	 	 	 	 	 	 	 	 	 	 	 	 	 	 	 	 	 	 	 	 	 	 	 	 	 	 	 	 	 	 	 	 	 	 	 	 	 	 	 	 	 	 	 	 	 	 	 	 	 	 	 	 	 	 	 	 	 	 	 	 	 	 	 	 	 	 	 	 	 	 	 	 	 	 	 	 	 	 	 	 	 
GP_MF	Phosphatidylinositol Phosphate Binding	D8: Phosphatidylinositol	-0.08185	 0.13402	3.30	-0.2159	Ductal	0.0000303741	****	0.00814026	**	3.30	31	ADAP1	ALOX15	ANXA2	ARFIP1	DAPP1	DENND1C	FCHSD2	GRAMD2A	GSN	KCNQ1	KIF16B	LAPTM4B	MAPKAP1	MAPT	PHLDA1	PLA2G4E	PLCB1	PLEKHN1	SAP30L	SDCBP	SNX22	SNX3	SYT5	SYT7	SYT9	TIRAP	TTPA	VILL	WDR45	WIPI2	ZFYVE28	 	 	 	 	 	 	 	 	 	 	 	 	 	 	 	 	 	 	 	 	 	 	 	 	 	 	 	 	 	 	 	 	 	 	 	 	 	 	 	 	 	 	 	 	 	 	 	 	 	 	 	 	 	 	 	 	 	 	 	 	 	 	 	 	 	 	 	 	 	 	 	 	 	 	 	 	 	 	 	 	 	 	 	 	 	 	 	 	 	 	 	 	 	 	 	 	 	 	 	 	 	 	 	 	 	 	 	 	 	 	 	 	 	 	 	 	 	 	 	 	 	 	 	 	 	 	 	 	 	 	 	 	 	 	 	 	 	 	 	 	 	 	 	 	 	 	 	 	 	 	 	 	 	 	 	 	 	 	 	 	 	 	 	 
REACTOME	Assembly Of Collagen Fibrils And Other Multimeric Structures	L5: Collagen & ECM	 0.30298	-0.44417	3.30	 0.7472	Lobular	0.0000862899	****	0.02200392	*	3.30	 6	COL27A1	COL4A1	COL4A4	COL4A5	COL9A2	ITGA6	 	 	 	 	 	 	 	 	 	 	 	 	 	 	 	 	 	 	 	 	 	 	 	 	 	 	 	 	 	 	 	 	 	 	 	 	 	 	 	 	 	 	 	 	 	 	 	 	 	 	 	 	 	 	 	 	 	 	 	 	 	 	 	 	 	 	 	 	 	 	 	 	 	 	 	 	 	 	 	 	 	 	 	 	 	 	 	 	 	 	 	 	 	 	 	 	 	 	 	 	 	 	 	 	 	 	 	 	 	 	 	 	 	 	 	 	 	 	 	 	 	 	 	 	 	 	 	 	 	 	 	 	 	 	 	 	 	 	 	 	 	 	 	 	 	 	 	 	 	 	 	 	 	 	 	 	 	 	 	 	 	 	 	 	 	 	 	 	 	 	 	 	 	 	 	 	 	 	 	 	 	 	 	 	 	 	 	 	 
REACTOME	Collagen Biosynthesis And Modifying Enzymes	L5: Collagen & ECM	 0.26100	-0.21113	4.74	 0.4721	Lobular	0.0010541406	**	0.20239500	ns	4.74	 8	ADAMTS3	COL13A1	COL27A1	COL4A1	COL4A4	COL4A5	COL9A2	P4HB	 	 	 	 	 	 	 	 	 	 	 	 	 	 	 	 	 	 	 	 	 	 	 	 	 	 	 	 	 	 	 	 	 	 	 	 	 	 	 	 	 	 	 	 	 	 	 	 	 	 	 	 	 	 	 	 	 	 	 	 	 	 	 	 	 	 	 	 	 	 	 	 	 	 	 	 	 	 	 	 	 	 	 	 	 	 	 	 	 	 	 	 	 	 	 	 	 	 	 	 	 	 	 	 	 	 	 	 	 	 	 	 	 	 	 	 	 	 	 	 	 	 	 	 	 	 	 	 	 	 	 	 	 	 	 	 	 	 	 	 	 	 	 	 	 	 	 	 	 	 	 	 	 	 	 	 	 	 	 	 	 	 	 	 	 	 	 	 	 	 	 	 	 	 	 	 	 	 	 	 	 	 	 	 	 	 	 
REACTOME	Collagen Chain Trimerization	L5: Collagen & ECM	 0.35463	-0.42874	3.46	 0.7834	Lobular	0.0000252482	****	0.00681703	**	3.46	 6	COL13A1	COL27A1	COL4A1	COL4A4	COL4A5	COL9A2	 	 	 	 	 	 	 	 	 	 	 	 	 	 	 	 	 	 	 	 	 	 	 	 	 	 	 	 	 	 	 	 	 	 	 	 	 	 	 	 	 	 	 	 	 	 	 	 	 	 	 	 	 	 	 	 	 	 	 	 	 	 	 	 	 	 	 	 	 	 	 	 	 	 	 	 	 	 	 	 	 	 	 	 	 	 	 	 	 	 	 	 	 	 	 	 	 	 	 	 	 	 	 	 	 	 	 	 	 	 	 	 	 	 	 	 	 	 	 	 	 	 	 	 	 	 	 	 	 	 	 	 	 	 	 	 	 	 	 	 	 	 	 	 	 	 	 	 	 	 	 	 	 	 	 	 	 	 	 	 	 	 	 	 	 	 	 	 	 	 	 	 	 	 	 	 	 	 	 	 	 	 	 	 	 	 	 	 	 
REACTOME	Collagen Degradation	L5: Collagen & ECM	 0.32192	-0.28517	2.70	 0.6071	Lobular	0.0001115771	***	0.02834057	*	2.70	 7	ADAM9	COL13A1	COL4A1	COL4A4	COL4A5	COL9A2	FURIN	 	 	 	 	 	 	 	 	 	 	 	 	 	 	 	 	 	 	 	 	 	 	 	 	 	 	 	 	 	 	 	 	 	 	 	 	 	 	 	 	 	 	 	 	 	 	 	 	 	 	 	 	 	 	 	 	 	 	 	 	 	 	 	 	 	 	 	 	 	 	 	 	 	 	 	 	 	 	 	 	 	 	 	 	 	 	 	 	 	 	 	 	 	 	 	 	 	 	 	 	 	 	 	 	 	 	 	 	 	 	 	 	 	 	 	 	 	 	 	 	 	 	 	 	 	 	 	 	 	 	 	 	 	 	 	 	 	 	 	 	 	 	 	 	 	 	 	 	 	 	 	 	 	 	 	 	 	 	 	 	 	 	 	 	 	 	 	 	 	 	 	 	 	 	 	 	 	 	 	 	 	 	 	 	 	 	 	 
REACTOME	Collagen Formation	L5: Collagen & ECM	 0.25717	-0.26641	3.48	 0.5236	Lobular	0.0004888152	***	0.10607289	ns	3.48	 9	ADAMTS3	COL13A1	COL27A1	COL4A1	COL4A4	COL4A5	COL9A2	ITGA6	P4HB	 	 	 	 	 	 	 	 	 	 	 	 	 	 	 	 	 	 	 	 	 	 	 	 	 	 	 	 	 	 	 	 	 	 	 	 	 	 	 	 	 	 	 	 	 	 	 	 	 	 	 	 	 	 	 	 	 	 	 	 	 	 	 	 	 	 	 	 	 	 	 	 	 	 	 	 	 	 	 	 	 	 	 	 	 	 	 	 	 	 	 	 	 	 	 	 	 	 	 	 	 	 	 	 	 	 	 	 	 	 	 	 	 	 	 	 	 	 	 	 	 	 	 	 	 	 	 	 	 	 	 	 	 	 	 	 	 	 	 	 	 	 	 	 	 	 	 	 	 	 	 	 	 	 	 	 	 	 	 	 	 	 	 	 	 	 	 	 	 	 	 	 	 	 	 	 	 	 	 	 	 	 	 	 	 	 
REACTOME	Crosslinking Of Collagen Fibrils	L5: Collagen & ECM	 0.35788	-0.47822	0.76	 0.8361	Lobular	0.0000666428	****	0.01732712	*	0.76	 3	COL4A1	COL4A4	COL4A5	 	 	 	 	 	 	 	 	 	 	 	 	 	 	 	 	 	 	 	 	 	 	 	 	 	 	 	 	 	 	 	 	 	 	 	 	 	 	 	 	 	 	 	 	 	 	 	 	 	 	 	 	 	 	 	 	 	 	 	 	 	 	 	 	 	 	 	 	 	 	 	 	 	 	 	 	 	 	 	 	 	 	 	 	 	 	 	 	 	 	 	 	 	 	 	 	 	 	 	 	 	 	 	 	 	 	 	 	 	 	 	 	 	 	 	 	 	 	 	 	 	 	 	 	 	 	 	 	 	 	 	 	 	 	 	 	 	 	 	 	 	 	 	 	 	 	 	 	 	 	 	 	 	 	 	 	 	 	 	 	 	 	 	 	 	 	 	 	 	 	 	 	 	 	 	 	 	 	 	 	 	 	 	 	 	 	 	 	 	 	 	 
REACTOME	Degradation Of The Extracellular Matrix	L5: Collagen & ECM	 0.29269	-0.27571	2.02	 0.5684	Lobular	0.0000065245	****	0.00182685	**	2.02	13	ADAM9	CAPN8	CAPN9	CD44	COL13A1	COL4A1	COL4A4	COL4A5	COL9A2	FURIN	MMP17	SPOCK3	TPSAB1	 	 	 	 	 	 	 	 	 	 	 	 	 	 	 	 	 	 	 	 	 	 	 	 	 	 	 	 	 	 	 	 	 	 	 	 	 	 	 	 	 	 	 	 	 	 	 	 	 	 	 	 	 	 	 	 	 	 	 	 	 	 	 	 	 	 	 	 	 	 	 	 	 	 	 	 	 	 	 	 	 	 	 	 	 	 	 	 	 	 	 	 	 	 	 	 	 	 	 	 	 	 	 	 	 	 	 	 	 	 	 	 	 	 	 	 	 	 	 	 	 	 	 	 	 	 	 	 	 	 	 	 	 	 	 	 	 	 	 	 	 	 	 	 	 	 	 	 	 	 	 	 	 	 	 	 	 	 	 	 	 	 	 	 	 	 	 	 	 	 	 	 	 	 	 	 	 	 	 	 	 	 
REACTOME	Energy Dependent Regulation Of Mtor By Lkb1 Ampk	D5: mTOR	-0.27251	 0.17022	2.02	-0.4427	Ductal	0.0009857209	***	0.19024413	ns	2.02	 6	CAB39	CAB39L	LAMTOR1	LAMTOR3	PRKAA2	STRADA	 	 	 	 	 	 	 	 	 	 	 	 	 	 	 	 	 	 	 	 	 	 	 	 	 	 	 	 	 	 	 	 	 	 	 	 	 	 	 	 	 	 	 	 	 	 	 	 	 	 	 	 	 	 	 	 	 	 	 	 	 	 	 	 	 	 	 	 	 	 	 	 	 	 	 	 	 	 	 	 	 	 	 	 	 	 	 	 	 	 	 	 	 	 	 	 	 	 	 	 	 	 	 	 	 	 	 	 	 	 	 	 	 	 	 	 	 	 	 	 	 	 	 	 	 	 	 	 	 	 	 	 	 	 	 	 	 	 	 	 	 	 	 	 	 	 	 	 	 	 	 	 	 	 	 	 	 	 	 	 	 	 	 	 	 	 	 	 	 	 	 	 	 	 	 	 	 	 	 	 	 	 	 	 	 	 	 	 	 
REACTOME	Erk Mapk Targets	L9: MAPK/ERK	 0.40636	-0.44014	2.38	 0.8465	Lobular	0.0004639247	***	0.10252736	ns	2.38	 3	DUSP4	DUSP6	MEF2A	 	 	 	 	 	 	 	 	 	 	 	 	 	 	 	 	 	 	 	 	 	 	 	 	 	 	 	 	 	 	 	 	 	 	 	 	 	 	 	 	 	 	 	 	 	 	 	 	 	 	 	 	 	 	 	 	 	 	 	 	 	 	 	 	 	 	 	 	 	 	 	 	 	 	 	 	 	 	 	 	 	 	 	 	 	 	 	 	 	 	 	 	 	 	 	 	 	 	 	 	 	 	 	 	 	 	 	 	 	 	 	 	 	 	 	 	 	 	 	 	 	 	 	 	 	 	 	 	 	 	 	 	 	 	 	 	 	 	 	 	 	 	 	 	 	 	 	 	 	 	 	 	 	 	 	 	 	 	 	 	 	 	 	 	 	 	 	 	 	 	 	 	 	 	 	 	 	 	 	 	 	 	 	 	 	 	 	 	 	 	 	 
REACTOME	Formation Of Senescence Associated Heterochromatin Foci Sahf	L2: TP53 & Senescence	 0.39808	-0.45429	1.30	 0.8524	Lobular	0.0068212661	**	1.00000000	ns	1.30	 3	CDKN1A	H1-5	TP53	 	 	 	 	 	 	 	 	 	 	 	 	 	 	 	 	 	 	 	 	 	 	 	 	 	 	 	 	 	 	 	 	 	 	 	 	 	 	 	 	 	 	 	 	 	 	 	 	 	 	 	 	 	 	 	 	 	 	 	 	 	 	 	 	 	 	 	 	 	 	 	 	 	 	 	 	 	 	 	 	 	 	 	 	 	 	 	 	 	 	 	 	 	 	 	 	 	 	 	 	 	 	 	 	 	 	 	 	 	 	 	 	 	 	 	 	 	 	 	 	 	 	 	 	 	 	 	 	 	 	 	 	 	 	 	 	 	 	 	 	 	 	 	 	 	 	 	 	 	 	 	 	 	 	 	 	 	 	 	 	 	 	 	 	 	 	 	 	 	 	 	 	 	 	 	 	 	 	 	 	 	 	 	 	 	 	 	 	 	 	 	 
REACTOME	Mapk Targets Nuclear Events Mediated By Map Kinases	L9: MAPK/ERK	 0.40636	-0.44014	2.54	 0.8465	Lobular	0.0004639247	***	0.10252736	ns	2.54	 3	DUSP4	DUSP6	MEF2A	 	 	 	 	 	 	 	 	 	 	 	 	 	 	 	 	 	 	 	 	 	 	 	 	 	 	 	 	 	 	 	 	 	 	 	 	 	 	 	 	 	 	 	 	 	 	 	 	 	 	 	 	 	 	 	 	 	 	 	 	 	 	 	 	 	 	 	 	 	 	 	 	 	 	 	 	 	 	 	 	 	 	 	 	 	 	 	 	 	 	 	 	 	 	 	 	 	 	 	 	 	 	 	 	 	 	 	 	 	 	 	 	 	 	 	 	 	 	 	 	 	 	 	 	 	 	 	 	 	 	 	 	 	 	 	 	 	 	 	 	 	 	 	 	 	 	 	 	 	 	 	 	 	 	 	 	 	 	 	 	 	 	 	 	 	 	 	 	 	 	 	 	 	 	 	 	 	 	 	 	 	 	 	 	 	 	 	 	 	 	 	 
REACTOME	Mtor Signalling	D5: mTOR	-0.29102	 0.29516	1.56	-0.5862	Ductal	0.0000412362	****	0.01088637	*	1.56	 8	CAB39	CAB39L	EIF4EBP1	LAMTOR1	LAMTOR3	PRKAA2	STRADA	YWHAB	 	 	 	 	 	 	 	 	 	 	 	 	 	 	 	 	 	 	 	 	 	 	 	 	 	 	 	 	 	 	 	 	 	 	 	 	 	 	 	 	 	 	 	 	 	 	 	 	 	 	 	 	 	 	 	 	 	 	 	 	 	 	 	 	 	 	 	 	 	 	 	 	 	 	 	 	 	 	 	 	 	 	 	 	 	 	 	 	 	 	 	 	 	 	 	 	 	 	 	 	 	 	 	 	 	 	 	 	 	 	 	 	 	 	 	 	 	 	 	 	 	 	 	 	 	 	 	 	 	 	 	 	 	 	 	 	 	 	 	 	 	 	 	 	 	 	 	 	 	 	 	 	 	 	 	 	 	 	 	 	 	 	 	 	 	 	 	 	 	 	 	 	 	 	 	 	 	 	 	 	 	 	 	 	 	 	 
REACTOME	Mtorc1 Mediated Signalling	D5: mTOR	-0.20957	 0.39028	2.44	-0.5999	Ductal	0.0014457119	**	0.27179383	ns	2.44	 4	EIF4EBP1	LAMTOR1	LAMTOR3	YWHAB	 	 	 	 	 	 	 	 	 	 	 	 	 	 	 	 	 	 	 	 	 	 	 	 	 	 	 	 	 	 	 	 	 	 	 	 	 	 	 	 	 	 	 	 	 	 	 	 	 	 	 	 	 	 	 	 	 	 	 	 	 	 	 	 	 	 	 	 	 	 	 	 	 	 	 	 	 	 	 	 	 	 	 	 	 	 	 	 	 	 	 	 	 	 	 	 	 	 	 	 	 	 	 	 	 	 	 	 	 	 	 	 	 	 	 	 	 	 	 	 	 	 	 	 	 	 	 	 	 	 	 	 	 	 	 	 	 	 	 	 	 	 	 	 	 	 	 	 	 	 	 	 	 	 	 	 	 	 	 	 	 	 	 	 	 	 	 	 	 	 	 	 	 	 	 	 	 	 	 	 	 	 	 	 	 	 	 	 	 	 	 
REACTOME	Oxidative Stress Induced Senescence	L2: TP53 & Senescence	 0.04562	-0.13682	1.28	 0.1824	Lobular	0.0420694118	*	1.00000000	ns	1.28	24	CBX6	CDKN2B	CDKN2C	EZH2	H2AC4	H2BC11	H2BC21	H2BC8	H2BS1	H3C1	H3C10	H3C11	H3C12	H3C15	H3C3	H3C7	H3C8	MAP3K5	MOV10	PHC1	SUZ12	TFDP2	TNRC6C	TP53	 	 	 	 	 	 	 	 	 	 	 	 	 	 	 	 	 	 	 	 	 	 	 	 	 	 	 	 	 	 	 	 	 	 	 	 	 	 	 	 	 	 	 	 	 	 	 	 	 	 	 	 	 	 	 	 	 	 	 	 	 	 	 	 	 	 	 	 	 	 	 	 	 	 	 	 	 	 	 	 	 	 	 	 	 	 	 	 	 	 	 	 	 	 	 	 	 	 	 	 	 	 	 	 	 	 	 	 	 	 	 	 	 	 	 	 	 	 	 	 	 	 	 	 	 	 	 	 	 	 	 	 	 	 	 	 	 	 	 	 	 	 	 	 	 	 	 	 	 	 	 	 	 	 	 	 	 	 	 	 	 	 	 	 	 	 	 	 	 	 	 
REACTOME	Senescence Associated Secretory Phenotype Sasp	L2: TP53 & Senescence	 0.05049	-0.17728	1.98	 0.2278	Lobular	0.0059105436	**	0.90270613	ns	1.98	21	CDC23	CDC26	CDKN1A	CDKN2B	CDKN2C	CXCL8	H2AC4	H2BC11	H2BC21	H2BC8	H2BS1	H3C1	H3C10	H3C11	H3C12	H3C15	H3C3	H3C7	H3C8	STAT3	UBE2C	 	 	 	 	 	 	 	 	 	 	 	 	 	 	 	 	 	 	 	 	 	 	 	 	 	 	 	 	 	 	 	 	 	 	 	 	 	 	 	 	 	 	 	 	 	 	 	 	 	 	 	 	 	 	 	 	 	 	 	 	 	 	 	 	 	 	 	 	 	 	 	 	 	 	 	 	 	 	 	 	 	 	 	 	 	 	 	 	 	 	 	 	 	 	 	 	 	 	 	 	 	 	 	 	 	 	 	 	 	 	 	 	 	 	 	 	 	 	 	 	 	 	 	 	 	 	 	 	 	 	 	 	 	 	 	 	 	 	 	 	 	 	 	 	 	 	 	 	 	 	 	 	 	 	 	 	 	 	 	 	 	 	 	 	 	 	 	 	 	 	 	 	 	 
REACTOME	Tp53 Regulates Transcription Of Cell Death Genes	L2: TP53 & Senescence	 0.22541	-0.30010	3.22	 0.5255	Lobular	0.0002592327	***	0.06166972	ns	3.22	 7	APAF1	BCL6	NDRG1	RABGGTA	TNFRSF10A	TNFRSF10C	TP53	 	 	 	 	 	 	 	 	 	 	 	 	 	 	 	 	 	 	 	 	 	 	 	 	 	 	 	 	 	 	 	 	 	 	 	 	 	 	 	 	 	 	 	 	 	 	 	 	 	 	 	 	 	 	 	 	 	 	 	 	 	 	 	 	 	 	 	 	 	 	 	 	 	 	 	 	 	 	 	 	 	 	 	 	 	 	 	 	 	 	 	 	 	 	 	 	 	 	 	 	 	 	 	 	 	 	 	 	 	 	 	 	 	 	 	 	 	 	 	 	 	 	 	 	 	 	 	 	 	 	 	 	 	 	 	 	 	 	 	 	 	 	 	 	 	 	 	 	 	 	 	 	 	 	 	 	 	 	 	 	 	 	 	 	 	 	 	 	 	 	 	 	 	 	 	 	 	 	 	 	 	 	 	 	 	 	 	 
REACTOME	Tp53 Regulates Transcription Of Genes Involved In G1 Cell Cycle Arrest	L2: TP53 & Senescence	 0.23859	-0.28246	1.52	 0.5211	Lobular	0.0239764634	*	1.00000000	ns	1.52	 3	CDKN1A	E2F7	TP53	 	 	 	 	 	 	 	 	 	 	 	 	 	 	 	 	 	 	 	 	 	 	 	 	 	 	 	 	 	 	 	 	 	 	 	 	 	 	 	 	 	 	 	 	 	 	 	 	 	 	 	 	 	 	 	 	 	 	 	 	 	 	 	 	 	 	 	 	 	 	 	 	 	 	 	 	 	 	 	 	 	 	 	 	 	 	 	 	 	 	 	 	 	 	 	 	 	 	 	 	 	 	 	 	 	 	 	 	 	 	 	 	 	 	 	 	 	 	 	 	 	 	 	 	 	 	 	 	 	 	 	 	 	 	 	 	 	 	 	 	 	 	 	 	 	 	 	 	 	 	 	 	 	 	 	 	 	 	 	 	 	 	 	 	 	 	 	 	 	 	 	 	 	 	 	 	 	 	 	 	 	 	 	 	 	 	 	 	 	 	 	 
REACTOME	Tp53 Regulates Transcription Of Several Additional Cell Death Genes Whose Specific Roles In P53 Dependent Apoptosis Remain Uncertain	L2: TP53 & Senescence	 0.20700	-0.37374	0.18	 0.5807	Lobular	0.0006395207	***	0.13302031	ns	0.18	 4	BCL6	NDRG1	RABGGTA	TP53	 	 	 	 	 	 	 	 	 	 	 	 	 	 	 	 	 	 	 	 	 	 	 	 	 	 	 	 	 	 	 	 	 	 	 	 	 	 	 	 	 	 	 	 	 	 	 	 	 	 	 	 	 	 	 	 	 	 	 	 	 	 	 	 	 	 	 	 	 	 	 	 	 	 	 	 	 	 	 	 	 	 	 	 	 	 	 	 	 	 	 	 	 	 	 	 	 	 	 	 	 	 	 	 	 	 	 	 	 	 	 	 	 	 	 	 	 	 	 	 	 	 	 	 	 	 	 	 	 	 	 	 	 	 	 	 	 	 	 	 	 	 	 	 	 	 	 	 	 	 	 	 	 	 	 	 	 	 	 	 	 	 	 	 	 	 	 	 	 	 	 	 	 	 	 	 	 	 	 	 	 	 	 	 	 	 	 	 	 	 	 
